"anio","mes","cant_pagos","cant_$_rentas","titulo"
2007,4,16,85.84,"Scalawag Duck"
2007,4,15,17.85,"Primary Glass"
2007,4,15,53.85,"Greatest North"
2007,4,14,32.86,"Rugrats Shakespeare"
2007,4,14,97.86,"Titans Jerk"
2007,4,14,43.86,"Muscle Bright"
2007,4,14,67.86,"Timberland Sky"
2007,4,14,52.86,"Invasion Cyclone"
2007,4,14,38.86,"Lose Inch"
2007,4,14,34.86,"Graffiti Love"
2007,4,14,73.86,"Trip Newton"
2007,4,14,43.86,"Married Go"
2007,4,14,52.86,"Expendable Stallion"
2007,4,14,49.86,"Telemark Heartbreakers"
2007,4,14,56.86,"Butterfly Chocolat"
2007,4,14,89.86,"Harry Idaho"
2007,4,14,43.86,"Shock Cabin"
2007,4,14,34.86,"Tights Dawn"
2007,4,14,48.86,"Rush Goodfellas"
2007,4,13,43.87,"Grit Clockwork"
2007,4,13,37.87,"Sweethearts Suspects"
2007,4,13,72.87,"Apache Divine"
2007,4,13,77.87,"Dogma Family"
2007,4,13,40.87,"Frost Head"
2007,4,13,103.87,"Saturday Lambs"
2007,4,13,69.87,"Bucket Brotherhood"
2007,4,13,72.87,"Coneheads Smoochy"
2007,4,13,23.87,"Family Sweet"
2007,4,13,44.87,"Deer Virginian"
2007,4,13,55.87,"Samurai Lion"
2007,4,13,60.87,"Arachnophobia Rollercoaster"
2007,4,13,82.87,"Goodfellas Salute"
2007,4,13,40.87,"Robbers Joon"
2007,4,13,17.87,"Curtain Videotape"
2007,4,13,98.87,"Innocent Usual"
2007,3,13,47.87,"Dinosaur Secretary"
2007,4,13,52.87,"Giant Troopers"
2007,4,13,49.87,"Hurricane Affair"
2007,4,13,42.87,"Juggler Hardly"
2007,3,12,79.88,"Steel Santa"
2007,4,12,70.88,"Drifter Commandments"
2007,4,12,44.88,"Camelot Vacation"
2007,3,12,64.88,"Kiss Glory"
2007,4,12,64.88,"Lies Treatment"
2007,3,12,63.88,"Arizona Bang"
2007,4,12,52.88,"Ridgemont Submarine"
2007,4,12,16.88,"Shootist Superfly"
2007,4,12,91.88,"Zorro Ark"
2007,4,12,67.88,"Metropolis Coma"
2007,4,12,48.88,"Paradise Sabrina"
2007,3,12,16.88,"Carrie Bunch"
2007,3,12,45.88,"Rocketeer Mother"
2007,4,12,57.88,"Suspects Quills"
2007,4,12,72.88,"Witches Panic"
2007,4,12,26.88,"Sun Confessions"
2007,4,12,70.88,"Stagecoach Armageddon"
2007,4,12,36.88,"Escape Metropolis"
2007,4,12,74.88,"Pity Bound"
2007,4,12,18.88,"Storm Happiness"
2007,4,12,77.88,"Wife Turn"
2007,4,12,37.88,"Operation Operation"
2007,3,12,37.88,"Spy Mile"
2007,4,12,77.88,"Range Moonwalker"
2007,4,12,48.88,"Brotherhood Blanket"
2007,4,12,63.88,"Sabrina Midnight"
2007,4,12,26.88,"Dancing Fever"
2007,4,12,20.88,"Voyage Legally"
2007,4,12,41.88,"Blackout Private"
2007,4,12,37.88,"Oscar Gold"
2007,4,12,18.88,"Pocus Pulp"
2007,4,12,18.88,"Moon Bunch"
2007,4,12,40.88,"Tracy Cider"
2007,3,12,22.88,"Mockingbird Hollywood"
2007,4,12,64.88,"Boogie Amelie"
2007,4,12,27.88,"Horror Reign"
2007,4,12,68.88,"Trading Pinocchio"
2007,4,12,18.88,"Westward Seabiscuit"
2007,4,12,32.88,"Loathing Legally"
2007,3,12,28.88,"Hobbit Alien"
2007,4,12,42.88,"Strangelove Desire"
2007,4,12,68.88,"Confidential Interview"
2007,4,12,71.88,"Cat Coneheads"
2007,4,12,48.88,"Affair Prejudice"
2007,4,11,53.89,"Horn Working"
2007,4,11,29.89,"Rocketeer Mother"
2007,3,11,73.89,"Goodfellas Salute"
2007,4,11,35.89,"Island Exorcist"
2007,4,11,45.89,"Fargo Gandhi"
2007,3,11,47.89,"Campus Remember"
2007,4,11,55.89,"Gangs Pride"
2007,4,11,38.89,"Wedding Apollo"
2007,4,11,69.89,"Rage Games"
2007,4,11,16.89,"Earth Vision"
2007,4,11,30.89,"Dynamite Tarzan"
2007,4,11,68.89,"Enemy Odds"
2007,4,11,19.89,"Kwai Homeward"
2007,3,11,22.89,"Gilmore Boiled"
2007,4,11,20.89,"Alter Victory"
2007,3,11,67.89,"Apache Divine"
2007,3,11,94.89,"Wife Turn"
2007,3,11,59.89,"Stepmom Dream"
2007,4,11,73.89,"Titanic Boondock"
2007,4,11,32.89,"Grapes Fury"
2007,3,11,16.89,"Virginian Pluto"
2007,4,11,50.89,"Hellfighters Sierra"
2007,4,11,18.89,"Armageddon Lost"
2007,4,11,61.89,"Candles Grapes"
2007,4,11,62.89,"Durham Panky"
2007,4,11,72.89,"Flamingos Connecticut"
2007,4,11,65.89,"Name Detective"
2007,4,11,70.89,"Videotape Arsenic"
2007,3,11,39.89,"Bingo Talented"
2007,3,11,46.89,"Network Peak"
2007,4,11,69.89,"Moonshine Cabin"
2007,4,11,43.89,"Pulp Beverly"
2007,3,11,28.89,"Dynamite Tarzan"
2007,4,11,85.89,"Telegraph Voyage"
2007,4,11,45.89,"Fish Opus"
2007,4,11,23.89,"Gilmore Boiled"
2007,4,11,39.89,"Disturbing Scarface"
2007,4,11,74.89,"Lola Agent"
2007,4,11,20.89,"Goldmine Tycoon"
2007,4,11,35.89,"Gentlemen Stage"
2007,4,11,49.89,"Jason Trap"
2007,3,11,61.89,"Cat Coneheads"
2007,4,11,22.89,"Bound Cheaper"
2007,4,11,19.89,"Gunfight Moon"
2007,4,11,17.89,"Blade Polish"
2007,4,11,16.89,"Fantasy Troopers"
2007,3,11,57.89,"Forrester Comancheros"
2007,4,11,85.89,"Torque Bound"
2007,3,11,50.89,"Gleaming Jawbreaker"
2007,3,11,59.89,"Roses Treasure"
2007,4,11,53.89,"Gleaming Jawbreaker"
2007,3,11,28.89,"Slums Duck"
2007,4,11,37.89,"Badman Dawn"
2007,3,11,60.89,"Jerk Paycheck"
2007,4,11,67.89,"Money Harold"
2007,4,11,43.89,"Oz Liaisons"
2007,3,11,17.89,"Pianist Outfield"
2007,4,11,31.89,"Madness Attacks"
2007,4,11,65.89,"Massacre Usual"
2007,4,11,46.89,"Idols Snatchers"
2007,3,11,18.89,"Storm Happiness"
2007,3,11,43.89,"Ice Crossing"
2007,4,11,65.89,"Streetcar Intentions"
2007,4,11,22.89,"Swarm Gold"
2007,3,11,56.89,"Cupboard Sinners"
2007,3,11,75.89,"Zorro Ark"
2007,3,11,42.89,"Forward Temple"
2007,4,11,26.89,"Goldfinger Sensibility"
2007,4,11,60.89,"Coma Head"
2007,4,11,15.89,"Story Side"
2007,4,11,48.89,"Network Peak"
2007,4,11,42.89,"Berets Agent"
2007,4,11,17.89,"Alaska Phantom"
2007,4,11,63.89,"Bingo Talented"
2007,4,11,37.89,"Fatal Haunted"
2007,4,11,46.89,"Tomorrow Hustler"
2007,3,11,78.89,"Dorado Notting"
2007,4,11,14.89,"Borrowers Bedazzled"
2007,4,11,86.89,"Scorpion Apollo"
2007,4,11,43.89,"None Spiking"
2007,4,11,13.89,"Bride Intrigue"
2007,4,11,44.89,"Forward Temple"
2007,4,11,41.89,"Color Philadelphia"
2007,4,11,35.89,"Half Outfield"
2007,3,11,43.89,"Mallrats United"
2007,4,11,44.89,"Shakespeare Saddle"
2007,4,10,54.90,"Freddy Storm"
2007,4,10,43.90,"Vacation Boondock"
2007,3,10,51.90,"Bucket Brotherhood"
2007,4,10,9.90,"Shepherd Midsummer"
2007,4,10,95.90,"Hustler Party"
2007,3,10,45.90,"Ridgemont Submarine"
2007,4,10,43.90,"Cupboard Sinners"
2007,4,10,27.90,"Hobbit Alien"
2007,4,10,53.90,"South Wait"
2007,3,10,63.90,"Closer Bang"
2007,3,10,10.90,"Dracula Crystal"
2007,3,10,34.90,"Fireball Philadelphia"
2007,3,10,20.90,"Handicap Boondock"
2007,3,10,55.90,"Attraction Newton"
2007,3,10,48.90,"Jekyll Frogmen"
2007,4,10,69.90,"Sunrise League"
2007,4,10,32.90,"Earring Instinct"
2007,4,10,19.90,"Virginian Pluto"
2007,4,10,39.90,"Dream Pickup"
2007,3,10,33.90,"Clash Freddy"
2007,4,10,59.90,"Show Lord"
2007,3,10,32.90,"Bill Others"
2007,4,10,70.90,"Head Stranger"
2007,3,10,73.90,"Innocent Usual"
2007,4,10,37.90,"Spy Mile"
2007,4,10,68.90,"Pelican Comforts"
2007,4,10,64.90,"Working Microcosmos"
2007,4,10,29.90,"Dalmations Sweden"
2007,3,10,34.90,"Contact Anonymous"
2007,4,10,57.90,"Beauty Grease"
2007,4,10,33.90,"Malkovich Pet"
2007,3,10,56.90,"Aladdin Calendar"
2007,4,10,53.90,"Heavyweights Beast"
2007,4,10,61.90,"Movie Shakespeare"
2007,4,10,65.90,"Closer Bang"
2007,3,10,15.90,"Talented Homicide"
2007,3,10,77.90,"Minds Truman"
2007,3,10,12.90,"Moon Bunch"
2007,4,10,37.90,"Patton Interview"
2007,4,10,74.90,"Fool Mockingbird"
2007,4,10,37.90,"English Bulworth"
2007,4,10,29.90,"Sinners Atlantis"
2007,4,10,19.90,"Feud Frogmen"
2007,4,10,29.90,"Contact Anonymous"
2007,4,10,14.90,"Chill Luck"
2007,4,10,14.90,"Gun Bonnie"
2007,3,10,21.90,"Rush Goodfellas"
2007,3,10,24.90,"Bound Cheaper"
2007,4,10,52.90,"Princess Giant"
2007,3,10,39.90,"Unbreakable Karate"
2007,3,10,64.90,"Road Roxanne"
2007,3,10,63.90,"Thief Pelican"
2007,4,10,65.90,"Velvet Terminator"
2007,4,10,68.90,"Fidelity Devil"
2007,4,10,40.90,"Star Operation"
2007,4,10,50.90,"Egg Igby"
2007,3,10,17.90,"Caper Motions"
2007,3,10,57.90,"Requiem Tycoon"
2007,3,10,35.90,"Quest Mussolini"
2007,4,10,11.90,"Deceiver Betrayed"
2007,4,10,43.90,"Hyde Doctor"
2007,3,10,58.90,"Streetcar Intentions"
2007,3,10,60.90,"Maltese Hope"
2007,4,10,66.90,"Tourist Pelican"
2007,4,10,34.90,"Downhill Enough"
2007,3,10,42.90,"Seabiscuit Punk"
2007,4,10,72.90,"Nightmare Chill"
2007,4,10,60.90,"Yentl Idaho"
2007,3,10,58.90,"Beverly Outlaw"
2007,4,10,20.90,"Splendor Patton"
2007,3,10,35.90,"Atlantis Cause"
2007,4,10,35.90,"Murder Antitrust"
2007,4,10,50.90,"Hanky October"
2007,4,10,68.90,"Something Duck"
2007,4,10,58.90,"Ghost Groundhog"
2007,3,10,50.90,"Forrest Sons"
2007,4,10,25.90,"Fiction Christmas"
2007,4,10,32.90,"Packer Madigan"
2007,3,10,12.90,"Story Side"
2007,4,10,39.90,"Snowman Rollercoaster"
2007,4,10,35.90,"Trouble Date"
2007,4,10,14.90,"Talented Homicide"
2007,4,10,47.90,"Sea Virgin"
2007,4,10,15.90,"Wind Phantom"
2007,4,10,70.90,"Wonderland Christmas"
2007,3,10,31.90,"Malkovich Pet"
2007,4,10,32.90,"Wrong Behavior"
2007,3,10,49.90,"Reign Gentlemen"
2007,4,10,52.90,"Shawshank Bubble"
2007,4,10,17.90,"Women Dorado"
2007,4,10,13.90,"Grease Youth"
2007,4,10,20.90,"Detective Vision"
2007,3,10,54.90,"Redemption Comforts"
2007,3,10,74.90,"Garden Island"
2007,4,10,36.90,"Gaslight Crusade"
2007,4,10,76.90,"Maiden Home"
2007,3,10,84.90,"Hustler Party"
2007,3,10,50.90,"Chance Resurrection"
2007,4,10,53.90,"Strictly Scarface"
2007,4,10,65.90,"Seattle Expecations"
2007,3,10,77.90,"Sting Personal"
2007,4,10,48.90,"Chance Resurrection"
2007,4,10,10.90,"Roman Punk"
2007,3,10,57.90,"Confidential Interview"
2007,4,10,18.90,"Independence Hotel"
2007,3,10,56.90,"Heavyweights Beast"
2007,4,10,45.90,"Clueless Bucket"
2007,3,10,34.90,"English Bulworth"
2007,3,10,32.90,"Horror Reign"
2007,3,10,39.90,"Crossroads Casualties"
2007,4,10,57.90,"Center Dinosaur"
2007,4,10,10.90,"Alamo Videotape"
2007,4,10,65.90,"Easy Gladiator"
2007,3,10,54.90,"Massacre Usual"
2007,3,10,62.90,"Saturday Lambs"
2007,4,10,29.90,"Seabiscuit Punk"
2007,4,10,23.90,"Double Wrath"
2007,4,10,47.90,"Beverly Outlaw"
2007,4,10,32.90,"Clash Freddy"
2007,4,10,55.90,"Secret Groundhog"
2007,3,10,25.90,"Frost Head"
2007,3,10,31.90,"Orange Grapes"
2007,4,10,20.90,"Effect Gladiator"
2007,4,9,47.91,"Maltese Hope"
2007,4,9,15.91,"Sundance Invasion"
2007,4,9,27.91,"Divide Monster"
2007,3,9,63.91,"Nightmare Chill"
2007,3,9,41.91,"Sweethearts Suspects"
2007,3,9,30.91,"Muscle Bright"
2007,3,9,10.91,"Patient Sister"
2007,3,9,44.91,"Trip Newton"
2007,4,9,25.91,"Anaconda Confessions"
2007,4,9,54.91,"Heartbreakers Bright"
2007,3,9,56.91,"Dogma Family"
2007,4,9,58.91,"Million Ace"
2007,3,9,19.91,"Intrigue Worst"
2007,3,9,31.91,"Wardrobe Phantom"
2007,4,9,52.91,"Interview Liaisons"
2007,4,9,49.91,"Musketeers Wait"
2007,4,9,56.91,"Desert Poseidon"
2007,3,9,17.91,"Pocus Pulp"
2007,4,9,24.91,"Pirates Roxanne"
2007,3,9,20.91,"Karate Moon"
2007,3,9,38.91,"Knock Warlock"
2007,3,9,30.91,"Operation Operation"
2007,3,9,38.91,"Barbarella Streetcar"
2007,4,9,52.91,"Chasing Fight"
2007,3,9,33.91,"Lose Inch"
2007,4,9,52.91,"Gorgeous Bingo"
2007,4,9,49.91,"Slacker Liaisons"
2007,4,9,63.91,"Satisfaction Confidential"
2007,4,9,51.91,"Dorado Notting"
2007,3,9,29.91,"Idols Snatchers"
2007,4,9,54.91,"Aladdin Calendar"
2007,3,9,16.91,"Loathing Legally"
2007,3,9,27.91,"Jumping Wrath"
2007,3,9,28.91,"Juggler Hardly"
2007,4,9,51.91,"Undefeated Dalmations"
2007,3,9,31.91,"Oscar Gold"
2007,3,9,37.91,"Invasion Cyclone"
2007,4,9,19.91,"Orange Grapes"
2007,4,9,64.91,"Conversation Downhill"
2007,4,9,35.91,"Neighbors Charade"
2007,3,9,33.91,"Gangs Pride"
2007,4,9,42.91,"Intentions Empire"
2007,4,9,23.91,"Chicken Hellfighters"
2007,4,9,8.91,"Highball Potter"
2007,4,9,58.91,"Pinocchio Simon"
2007,3,9,25.91,"Double Wrath"
2007,4,9,52.91,"Snatch Slipper"
2007,3,9,14.91,"Dancing Fever"
2007,3,9,35.91,"Straight Hours"
2007,3,9,67.91,"Eagles Panky"
2007,4,9,21.91,"Groove Fiction"
2007,4,9,32.91,"Bringing Hysterical"
2007,3,9,49.91,"Patton Interview"
2007,4,9,50.91,"Coldblooded Darling"
2007,3,9,47.91,"Pulp Beverly"
2007,3,9,51.91,"Flamingos Connecticut"
2007,3,9,15.91,"Alamo Videotape"
2007,4,9,48.91,"Knock Warlock"
2007,3,9,61.91,"Wonderland Christmas"
2007,3,9,57.91,"Midsummer Groundhog"
2007,3,9,51.91,"Snatch Slipper"
2007,4,9,33.91,"Amistad Midsummer"
2007,3,9,33.91,"Greatest North"
2007,4,9,26.91,"Chariots Conspiracy"
2007,4,9,20.91,"Haunting Pianist"
2007,3,9,47.91,"Clueless Bucket"
2007,3,9,56.91,"Head Stranger"
2007,3,9,41.91,"Fish Opus"
2007,4,9,16.91,"Hills Neighbors"
2007,3,9,63.91,"Torque Bound"
2007,3,9,37.91,"Hanky October"
2007,4,9,70.91,"Flintstones Happiness"
2007,4,9,46.91,"Truman Crazy"
2007,4,9,23.91,"Chocolat Harry"
2007,4,9,32.91,"Blues Instinct"
2007,4,9,56.91,"High Encino"
2007,4,9,46.91,"Fellowship Autumn"
2007,4,9,55.91,"Liaisons Sweet"
2007,4,9,73.91,"Mine Titans"
2007,3,9,32.91,"Excitement Eve"
2007,3,9,11.91,"Voyage Legally"
2007,4,9,11.91,"Resurrection Silverado"
2007,4,9,10.91,"Wolves Desire"
2007,4,9,31.91,"Homicide Peach"
2007,4,9,45.91,"Angels Life"
2007,4,9,28.91,"Outfield Massacre"
2007,4,9,57.91,"Birds Perdition"
2007,3,9,17.91,"Goldmine Tycoon"
2007,4,9,11.91,"Music Boondock"
2007,3,9,16.91,"Voice Peach"
2007,3,9,54.91,"Cause Date"
2007,3,9,13.91,"Christmas Moonshine"
2007,4,9,63.91,"Sting Personal"
2007,4,9,11.91,"Caper Motions"
2007,3,9,49.91,"Panther Reds"
2007,4,9,60.91,"Suit Walls"
2007,4,9,59.91,"Whisperer Giant"
2007,3,9,47.91,"Egg Igby"
2007,3,9,62.91,"Dawn Pond"
2007,3,9,16.91,"Splendor Patton"
2007,4,9,51.91,"Redemption Comforts"
2007,3,9,32.91,"Wait Cider"
2007,3,9,34.91,"Metropolis Coma"
2007,4,9,17.91,"Congeniality Quest"
2007,3,9,63.91,"Pelican Comforts"
2007,4,9,16.91,"Outbreak Divine"
2007,4,9,17.91,"Mars Roman"
2007,4,9,33.91,"Atlantis Cause"
2007,3,9,30.91,"Grit Clockwork"
2007,4,9,28.91,"Crossroads Casualties"
2007,3,9,57.91,"Command Darling"
2007,4,9,75.91,"Secrets Paradise"
2007,4,9,33.91,"Insider Arizona"
2007,4,9,9.91,"Celebrity Horn"
2007,4,9,32.91,"Others Soup"
2007,3,9,49.91,"Pity Bound"
2007,4,9,49.91,"Inch Jet"
2007,4,9,49.91,"Jet Neighbors"
2007,3,9,27.91,"Deer Virginian"
2007,3,9,27.91,"Downhill Enough"
2007,4,9,27.91,"Doom Dancing"
2007,3,9,36.91,"Strictly Scarface"
2007,3,9,11.91,"Shepherd Midsummer"
2007,3,9,38.91,"Swarm Gold"
2007,4,9,30.91,"Pond Seattle"
2007,3,9,64.91,"Whisperer Giant"
2007,4,9,49.91,"Brooklyn Desert"
2007,4,9,28.91,"House Dynamite"
2007,3,9,50.91,"Videotape Arsenic"
2007,4,9,53.91,"Core Suit"
2007,4,9,33.91,"Wardrobe Phantom"
2007,4,9,41.91,"Basic Easy"
2007,3,9,49.91,"Lies Treatment"
2007,4,9,62.91,"Lady Stage"
2007,4,9,31.91,"Salute Apollo"
2007,3,9,63.91,"Heartbreakers Bright"
2007,3,9,39.91,"Balloon Homeward"
2007,3,9,56.91,"Agent Truman"
2007,3,9,28.91,"Shanghai Tycoon"
2007,4,9,50.91,"Baked Cleopatra"
2007,3,9,19.91,"Rugrats Shakespeare"
2007,4,9,36.91,"Orient Closer"
2007,3,9,32.91,"Flying Hook"
2007,4,9,10.91,"Academy Dinosaur"
2007,3,9,48.91,"Sleeping Suspects"
2007,4,9,37.91,"Harper Dying"
2007,3,9,35.91,"Metal Armageddon"
2007,3,9,30.91,"Married Go"
2007,3,9,81.91,"Telegraph Voyage"
2007,3,9,53.91,"Calendar Gunfight"
2007,3,9,14.91,"Disciple Mother"
2007,4,9,9.91,"Room Roman"
2007,3,9,56.91,"Fellowship Autumn"
2007,3,9,29.91,"Giant Troopers"
2007,4,9,19.91,"Karate Moon"
2007,3,9,49.91,"Durham Panky"
2007,4,9,25.91,"Rock Instinct"
2007,3,9,16.91,"Crooked Frogmen"
2007,3,9,30.91,"Bringing Hysterical"
2007,4,9,13.91,"Masked Bubble"
2007,4,9,60.91,"Hunchback Impossible"
2007,4,9,52.91,"Sleeping Suspects"
2007,3,9,34.91,"Trojan Tomorrow"
2007,3,9,12.91,"Westward Seabiscuit"
2007,4,9,55.91,"Sleepless Monsoon"
2007,4,9,59.91,"Roses Treasure"
2007,3,9,18.91,"Academy Dinosaur"
2007,3,9,35.91,"Alien Center"
2007,3,9,53.91,"Enemy Odds"
2007,4,8,47.92,"Queen Luke"
2007,3,8,24.92,"Homicide Peach"
2007,4,8,55.92,"Mission Zoolander"
2007,3,8,40.92,"Money Harold"
2007,3,8,11.92,"Gun Bonnie"
2007,3,8,11.92,"Earth Vision"
2007,4,8,37.92,"Vanishing Rocky"
2007,4,8,43.92,"Igby Maker"
2007,4,8,29.92,"Clones Pinocchio"
2007,3,8,42.92,"Yentl Idaho"
2007,4,8,23.92,"Midnight Westward"
2007,4,8,43.92,"Spice Sorority"
2007,3,8,34.92,"Fantasia Park"
2007,4,8,11.92,"Empire Malkovich"
2007,3,8,15.92,"Snowman Rollercoaster"
2007,4,8,56.92,"Pickup Driving"
2007,4,8,39.92,"Jacket Frisco"
2007,4,8,37.92,"Hope Tootsie"
2007,4,8,25.92,"Fury Murder"
2007,4,8,18.92,"Banger Pinocchio"
2007,3,8,34.92,"Goldfinger Sensibility"
2007,4,8,13.92,"Love Suicides"
2007,3,8,48.92,"Desert Poseidon"
2007,4,8,37.92,"Nemo Campus"
2007,4,8,46.92,"Attacks Hate"
2007,3,8,20.92,"Go Purple"
2007,3,8,25.92,"Tracy Cider"
2007,4,8,28.92,"Reap Unfaithful"
2007,3,8,7.92,"Wolves Desire"
2007,4,8,10.92,"Insects Stone"
2007,4,8,16.92,"Mourning Purple"
2007,4,8,26.92,"Flatliners Killer"
2007,4,8,13.92,"Intrigue Worst"
2007,3,8,8.92,"Encino Elf"
2007,3,8,62.92,"Show Lord"
2007,4,8,36.92,"Bear Graceland"
2007,3,8,54.92,"Velvet Terminator"
2007,3,8,16.92,"Pacific Amistad"
2007,3,8,36.92,"Star Operation"
2007,4,8,33.92,"Weekend Personal"
2007,3,8,29.92,"Wonka Sea"
2007,3,8,9.92,"Tomatoes Hellfighters"
2007,4,8,17.92,"Novocaine Flight"
2007,4,8,33.92,"Instinct Airport"
2007,4,8,26.92,"Fantasia Park"
2007,4,8,65.92,"Midsummer Groundhog"
2007,4,8,31.92,"Gables Metropolis"
2007,3,8,41.92,"Philadelphia Wife"
2007,4,8,24.92,"Necklace Outbreak"
2007,3,8,42.92,"Secretary Rouge"
2007,3,8,26.92,"Dirty Ace"
2007,4,8,10.92,"Jedi Beneath"
2007,4,8,42.92,"Peak Forever"
2007,3,8,27.92,"Shock Cabin"
2007,4,8,26.92,"Willow Tracy"
2007,3,8,33.92,"Remember Diary"
2007,3,8,45.92,"Prejudice Oleander"
2007,4,8,45.92,"Virgin Daisy"
2007,3,8,46.92,"Angels Life"
2007,4,8,8.92,"Spirit Flintstones"
2007,4,8,21.92,"Bonnie Holocaust"
2007,3,8,33.92,"Honey Ties"
2007,3,8,26.92,"Racer Egg"
2007,3,8,41.92,"High Encino"
2007,3,8,23.92,"Wrong Behavior"
2007,3,8,36.92,"Human Graffiti"
2007,4,8,56.92,"Scarface Bang"
2007,4,8,21.92,"Joon Northwest"
2007,3,8,33.92,"Harper Dying"
2007,3,8,48.92,"Beauty Grease"
2007,3,8,56.92,"Harry Idaho"
2007,4,8,34.92,"Northwest Polish"
2007,3,8,30.92,"Suspects Quills"
2007,4,8,13.92,"Amadeus Holy"
2007,3,8,52.92,"American Circus"
2007,4,8,71.92,"American Circus"
2007,4,8,27.92,"Moulin Wake"
2007,3,8,27.92,"Robbers Joon"
2007,3,8,34.92,"Tomorrow Hustler"
2007,3,8,26.92,"Blackout Private"
2007,4,8,30.92,"Barbarella Streetcar"
2007,3,8,43.92,"Dying Maker"
2007,4,8,22.92,"River Outlaw"
2007,3,8,12.92,"Primary Glass"
2007,3,8,25.92,"Detective Vision"
2007,3,8,48.92,"Queen Luke"
2007,3,8,27.92,"Island Exorcist"
2007,3,8,15.92,"Taxi Kick"
2007,4,8,21.92,"Go Purple"
2007,3,8,39.92,"Coma Head"
2007,4,8,25.92,"Enough Raging"
2007,4,8,45.92,"Sugar Wonka"
2007,3,8,43.92,"Scalawag Duck"
2007,3,8,10.92,"Canyon Stock"
2007,3,8,51.92,"Doors President"
2007,4,8,25.92,"Freaky Pocus"
2007,4,8,15.92,"Handicap Boondock"
2007,4,8,58.92,"Minds Truman"
2007,4,8,37.92,"Metal Armageddon"
2007,3,8,25.92,"Alone Trip"
2007,3,8,24.92,"Divide Monster"
2007,4,8,55.92,"Waterfront Deliverance"
2007,4,8,26.92,"Lebowski Soldiers"
2007,4,8,18.92,"Pacific Amistad"
2007,4,8,37.92,"Ice Crossing"
2007,3,8,9.92,"Empire Malkovich"
2007,3,8,11.92,"Congeniality Quest"
2007,4,8,47.92,"Prejudice Oleander"
2007,3,8,42.92,"Coneheads Smoochy"
2007,3,8,42.92,"Open African"
2007,3,8,19.92,"Women Dorado"
2007,3,8,35.92,"South Wait"
2007,3,8,28.92,"River Outlaw"
2007,3,8,27.92,"Mummy Creatures"
2007,4,8,15.92,"Slums Duck"
2007,4,8,46.92,"Expecations Natural"
2007,3,8,46.92,"Spice Sorority"
2007,3,8,16.92,"Room Roman"
2007,4,8,34.92,"Balloon Homeward"
2007,4,8,28.92,"Egypt Tenenbaums"
2007,3,8,13.92,"Volcano Texas"
2007,3,8,32.92,"Fatal Haunted"
2007,3,8,36.92,"Basic Easy"
2007,3,8,14.92,"Lion Uncut"
2007,3,8,58.92,"Sunrise League"
2007,4,8,44.92,"Forrester Comancheros"
2007,3,8,55.92,"Range Moonwalker"
2007,4,8,59.92,"Rocky War"
2007,3,8,40.92,"Wash Heavenly"
2007,4,8,16.92,"Straight Hours"
2007,4,8,61.92,"Calendar Gunfight"
2007,4,8,46.92,"Hall Cassidy"
2007,3,8,12.92,"Celebrity Horn"
2007,3,8,20.92,"Fight Jawbreaker"
2007,3,8,10.92,"Holocaust Highball"
2007,3,8,27.92,"Heaven Freedom"
2007,3,8,30.92,"Carol Texas"
2007,4,8,46.92,"Image Princess"
2007,3,8,39.92,"Undefeated Dalmations"
2007,4,8,16.92,"Reunion Witches"
2007,4,8,43.92,"Driving Polish"
2007,4,8,59.92,"Garden Island"
2007,4,8,14.92,"Cheaper Clyde"
2007,3,8,19.92,"Sleuth Orient"
2007,3,8,34.92,"National Story"
2007,3,8,14.92,"Alaska Phantom"
2007,3,8,24.92,"Amistad Midsummer"
2007,4,8,8.92,"Smoking Barbarella"
2007,4,8,30.92,"Wonka Sea"
2007,3,8,13.92,"Chainsaw Uptown"
2007,3,8,25.92,"Disturbing Scarface"
2007,4,8,26.92,"Ship Wonderland"
2007,3,8,25.92,"House Dynamite"
2007,3,8,26.92,"Hills Neighbors"
2007,4,8,44.92,"Dragonfly Strangers"
2007,4,8,48.92,"Sagebrush Clueless"
2007,3,8,9.92,"Grease Youth"
2007,3,8,29.92,"Expendable Stallion"
2007,4,8,16.92,"Louisiana Harry"
2007,3,8,13.92,"Shootist Superfly"
2007,4,8,20.92,"Tramp Others"
2007,3,8,27.92,"Fiction Christmas"
2007,4,8,25.92,"Barefoot Manchurian"
2007,3,8,48.92,"Candidate Perdition"
2007,3,8,46.92,"Witches Panic"
2007,4,8,37.92,"Alien Center"
2007,4,8,43.92,"Poseidon Forever"
2007,4,8,33.92,"Jumping Wrath"
2007,4,8,56.92,"Secretary Rouge"
2007,4,8,14.92,"Chainsaw Uptown"
2007,3,8,16.92,"Sun Confessions"
2007,3,8,19.92,"None Spiking"
2007,3,8,40.92,"Casablanca Super"
2007,4,8,15.92,"Cleopatra Devil"
2007,3,8,15.92,"Encounters Curtain"
2007,4,8,7.92,"Silence Kane"
2007,4,8,46.92,"Falcon Volume"
2007,3,8,8.92,"Masked Bubble"
2007,4,8,36.92,"National Story"
2007,3,8,50.92,"Maiden Home"
2007,3,8,48.92,"Princess Giant"
2007,4,8,56.92,"Strangers Graffiti"
2007,3,8,29.92,"Jason Trap"
2007,3,8,46.92,"Driving Polish"
2007,3,8,25.92,"Pollock Deliverance"
2007,4,8,36.92,"Lust Lock"
2007,4,8,26.92,"Boulevard Mob"
2007,4,8,32.92,"Eyes Driving"
2007,3,8,24.92,"Cider Desire"
2007,4,8,27.92,"Kick Savannah"
2007,3,8,43.92,"Freddy Storm"
2007,4,8,69.92,"Backlash Undefeated"
2007,3,8,28.92,"Hours Rage"
2007,3,8,31.92,"Flatliners Killer"
2007,3,8,9.92,"Unforgiven Zoolander"
2007,4,8,15.92,"Factory Dragon"
2007,3,8,49.92,"League Hellfighters"
2007,4,8,16.92,"Encounters Curtain"
2007,3,8,49.92,"Liaisons Sweet"
2007,3,8,11.92,"Wind Phantom"
2007,4,8,13.92,"Excitement Eve"
2007,3,8,10.92,"Curtain Videotape"
2007,4,8,49.92,"Hanover Galaxy"
2007,3,8,8.92,"Chill Luck"
2007,4,8,43.92,"Idaho Love"
2007,4,8,18.92,"Watch Tracy"
2007,4,8,35.92,"Sons Interview"
2007,4,8,42.92,"Philadelphia Wife"
2007,3,8,45.92,"Boogie Amelie"
2007,3,8,37.92,"Butterfly Chocolat"
2007,3,8,53.92,"Working Microcosmos"
2007,4,8,22.92,"Majestic Floats"
2007,4,8,42.92,"Carol Texas"
2007,4,8,42.92,"Darn Forrester"
2007,3,8,30.92,"Indian Love"
2007,4,8,24.92,"Racer Egg"
2007,4,8,36.92,"Sleepy Japanese"
2007,3,8,21.92,"Chocolat Harry"
2007,3,8,8.92,"Deceiver Betrayed"
2007,4,8,40.92,"Sierra Divide"
2007,4,8,15.92,"Annie Identity"
2007,4,8,20.92,"Cabin Flash"
2007,4,8,51.92,"Attraction Newton"
2007,4,8,26.92,"Rouge Squad"
2007,4,7,13.93,"Volcano Texas"
2007,4,7,23.93,"Fight Jawbreaker"
2007,4,7,30.93,"Pollock Deliverance"
2007,3,7,48.93,"Breakfast Goldfinger"
2007,3,7,24.93,"Shakespeare Saddle"
2007,3,7,25.93,"Perfect Groove"
2007,4,7,32.93,"Candidate Perdition"
2007,4,7,9.93,"Slipper Fidelity"
2007,4,7,18.93,"Sleuth Orient"
2007,3,7,35.93,"Movie Shakespeare"
2007,4,7,44.93,"Breakfast Goldfinger"
2007,3,7,29.93,"Samurai Lion"
2007,4,7,39.93,"Alabama Devil"
2007,4,7,8.93,"Hook Chariots"
2007,4,7,50.93,"Confused Candles"
2007,3,7,25.93,"Worker Tarzan"
2007,3,7,13.93,"Amadeus Holy"
2007,3,7,39.93,"Jericho Mulan"
2007,3,7,12.93,"Tramp Others"
2007,4,7,36.93,"Jerk Paycheck"
2007,3,7,27.93,"Gentlemen Stage"
2007,3,7,41.93,"Hall Cassidy"
2007,4,7,39.93,"Holes Brannigan"
2007,3,7,21.93,"Packer Madigan"
2007,4,7,24.93,"Stock Glass"
2007,3,7,25.93,"Telemark Heartbreakers"
2007,4,7,14.93,"Rear Trading"
2007,4,7,42.93,"Paycheck Wait"
2007,4,7,22.93,"Personal Ladybugs"
2007,3,7,14.93,"Insects Stone"
2007,4,7,38.93,"Steel Santa"
2007,3,7,34.93,"Camelot Vacation"
2007,4,7,56.93,"Details Packer"
2007,3,7,43.93,"Fidelity Devil"
2007,3,7,7.93,"Fantasy Troopers"
2007,3,7,27.93,"Sea Virgin"
2007,4,7,20.93,"Mockingbird Hollywood"
2007,4,7,22.93,"Greek Everyone"
2007,4,7,11.93,"Monterey Labyrinth"
2007,3,7,55.93,"Fool Mockingbird"
2007,4,7,11.93,"Homeward Cider"
2007,3,7,22.93,"Troopers Metal"
2007,3,7,39.93,"Brooklyn Desert"
2007,3,7,43.93,"Hanging Deep"
2007,4,7,34.93,"Jeepers Wedding"
2007,4,7,29.93,"Potter Connecticut"
2007,3,7,6.93,"Jedi Beneath"
2007,3,7,25.93,"Neighbors Charade"
2007,4,7,49.93,"Memento Zoolander"
2007,4,7,21.93,"Perfect Groove"
2007,4,7,37.93,"Groundhog Uncut"
2007,3,7,31.93,"Northwest Polish"
2007,3,7,48.93,"Secrets Paradise"
2007,4,7,13.93,"Lion Uncut"
2007,3,7,13.93,"Banger Pinocchio"
2007,4,7,10.93,"Craft Outfield"
2007,4,7,38.93,"Open African"
2007,4,7,37.93,"Lonely Elephant"
2007,4,7,43.93,"Jericho Mulan"
2007,3,7,40.93,"Trading Pinocchio"
2007,4,7,38.93,"Chicago North"
2007,4,7,53.93,"Trap Guys"
2007,4,7,25.93,"Pilot Hoosiers"
2007,4,7,38.93,"Loser Hustler"
2007,4,7,25.93,"Cider Desire"
2007,4,7,12.93,"Canyon Stock"
2007,4,7,44.93,"Galaxy Sweethearts"
2007,4,7,43.93,"Reign Gentlemen"
2007,3,7,40.93,"Salute Apollo"
2007,4,7,30.93,"Remember Diary"
2007,4,7,19.93,"Donnie Alley"
2007,3,7,16.93,"Haunting Pianist"
2007,3,7,52.93,"Titans Jerk"
2007,4,7,10.93,"Crow Grease"
2007,4,7,12.93,"Crooked Frogmen"
2007,4,7,40.93,"Steers Armageddon"
2007,3,7,16.93,"Stampede Disturbing"
2007,3,7,7.93,"Bull Shawshank"
2007,3,7,24.93,"Sinners Atlantis"
2007,3,7,10.93,"Roman Punk"
2007,3,7,29.93,"Oz Liaisons"
2007,3,7,42.93,"Pinocchio Simon"
2007,4,7,24.93,"Worst Banger"
2007,4,7,8.93,"Carrie Bunch"
2007,3,7,6.93,"Pride Alamo"
2007,3,7,21.93,"Novocaine Flight"
2007,3,7,35.93,"Truman Crazy"
2007,4,7,45.93,"Quills Bull"
2007,4,7,13.93,"Roots Remember"
2007,3,7,13.93,"Tights Dawn"
2007,4,7,29.93,"Analyze Hoosiers"
2007,4,7,20.93,"Labyrinth League"
2007,3,7,24.93,"Pond Seattle"
2007,3,7,11.93,"Effect Gladiator"
2007,3,7,23.93,"Madness Attacks"
2007,3,7,41.93,"French Holiday"
2007,4,7,40.93,"Cause Date"
2007,3,7,50.93,"Galaxy Sweethearts"
2007,4,7,30.93,"Divine Resurrection"
2007,4,7,12.93,"Encino Elf"
2007,3,7,59.93,"Daughter Madigan"
2007,3,7,21.93,"Others Soup"
2007,3,7,30.93,"Jaws Harry"
2007,3,7,35.93,"Jet Neighbors"
2007,4,7,46.93,"Eagles Panky"
2007,3,7,34.93,"Mother Oleander"
2007,4,7,43.93,"Destiny Saturday"
2007,3,7,17.93,"Family Sweet"
2007,4,7,41.93,"Wizard Coldblooded"
2007,4,7,34.93,"Impossible Prejudice"
2007,3,7,53.93,"Mine Titans"
2007,4,7,36.93,"Wash Heavenly"
2007,4,7,52.93,"Dawn Pond"
2007,4,7,6.93,"Greedy Roots"
2007,4,7,34.93,"Agent Truman"
2007,3,7,23.93,"Greek Everyone"
2007,3,7,17.93,"Magnolia Forrester"
2007,4,7,21.93,"Caddyshack Jedi"
2007,4,7,13.93,"Tenenbaums Command"
2007,4,7,11.93,"Hours Rage"
2007,3,7,47.93,"Sabrina Midnight"
2007,3,7,20.93,"Creatures Shakespeare"
2007,4,7,40.93,"Lawless Vision"
2007,3,7,23.93,"Annie Identity"
2007,4,7,29.93,"Noon Papi"
2007,3,7,35.93,"Inch Jet"
2007,3,7,49.93,"Lola Agent"
2007,4,7,41.93,"League Hellfighters"
2007,4,7,48.93,"Kiss Glory"
2007,4,7,7.93,"Lawrence Love"
2007,3,7,45.93,"Paycheck Wait"
2007,3,7,34.93,"Zoolander Fiction"
2007,3,7,8.93,"Feud Frogmen"
2007,3,7,18.93,"Coast Rainbow"
2007,4,7,37.93,"Wanda Chamber"
2007,3,7,27.93,"United Pilot"
2007,3,7,14.93,"Mourning Purple"
2007,4,7,12.93,"Coast Rainbow"
2007,4,7,35.93,"Airplane Sierra"
2007,3,7,36.93,"Confused Candles"
2007,4,7,7.93,"Christmas Moonshine"
2007,4,7,26.93,"Quest Mussolini"
2007,4,7,30.93,"Madison Trap"
2007,3,7,15.93,"Newton Labyrinth"
2007,3,7,47.93,"Sugar Wonka"
2007,3,7,17.93,"Moulin Wake"
2007,4,7,43.93,"Lovely Jingle"
2007,3,7,28.93,"Jacket Frisco"
2007,4,7,36.93,"Artist Coldblooded"
2007,3,7,15.93,"Highball Potter"
2007,4,7,18.93,"Mallrats United"
2007,4,7,28.93,"Circus Youth"
2007,3,7,25.93,"Hyde Doctor"
2007,4,7,44.93,"Pure Runner"
2007,4,7,17.93,"Rings Heartbreakers"
2007,3,7,10.93,"Roxanne Rebel"
2007,4,7,43.93,"Daisy Menagerie"
2007,3,7,20.93,"Lock Rear"
2007,4,7,28.93,"Zoolander Fiction"
2007,4,7,31.93,"Manchurian Curtain"
2007,4,7,12.93,"Fireball Philadelphia"
2007,3,7,40.93,"Liberty Magnificent"
2007,3,7,37.93,"Outlaw Hanky"
2007,3,7,9.93,"Grapes Fury"
2007,3,7,16.93,"Graffiti Love"
2007,4,7,46.93,"Kissing Dolls"
2007,3,7,40.93,"Chasing Fight"
2007,4,7,21.93,"Patriot Roman"
2007,3,7,23.93,"Hurricane Affair"
2007,3,7,27.93,"Color Philadelphia"
2007,4,7,55.93,"Whale Bikini"
2007,3,7,28.93,"Driver Annie"
2007,3,7,42.93,"Falcon Volume"
2007,3,7,39.93,"Birds Perdition"
2007,3,7,41.93,"Bear Graceland"
2007,3,7,35.93,"Peak Forever"
2007,4,7,21.93,"Honey Ties"
2007,3,7,19.93,"Reunion Witches"
2007,3,7,50.93,"Scorpion Apollo"
2007,4,7,34.93,"Stepmom Dream"
2007,4,7,46.93,"Sweden Shining"
2007,4,7,48.93,"Mermaid Insects"
2007,4,7,37.93,"Holiday Games"
2007,4,7,38.93,"Confessions Maguire"
2007,3,7,35.93,"Grinch Massage"
2007,3,7,25.93,"Lebowski Soldiers"
2007,3,7,27.93,"Murder Antitrust"
2007,3,7,34.93,"Arachnophobia Rollercoaster"
2007,4,7,36.93,"Airport Pollock"
2007,4,7,23.93,"Troopers Metal"
2007,4,7,21.93,"Shrunk Divine"
2007,3,7,43.93,"Poseidon Forever"
2007,3,7,15.93,"Pirates Roxanne"
2007,4,7,41.93,"Conquerer Nuts"
2007,4,7,21.93,"Graduate Lord"
2007,4,7,9.93,"Sassy Packer"
2007,3,7,30.93,"Horn Working"
2007,4,7,9.93,"Wrath Mile"
2007,3,7,29.93,"Strangelove Desire"
2007,3,7,26.93,"Jade Bunch"
2007,4,7,13.93,"Splash Gump"
2007,4,7,11.93,"Roxanne Rebel"
2007,4,6,35.94,"Vampire Whale"
2007,4,6,30.94,"Window Side"
2007,4,6,7.94,"Loverboy Attacks"
2007,3,6,9.94,"Independence Hotel"
2007,4,6,7.94,"Kane Exorcist"
2007,3,6,29.94,"Blues Instinct"
2007,4,6,17.94,"Spinal Rocky"
2007,4,6,34.94,"Dangerous Uptown"
2007,4,6,22.94,"Nash Chocolat"
2007,4,6,37.94,"Requiem Tycoon"
2007,4,6,17.94,"Varsity Trip"
2007,3,6,29.94,"Darn Forrester"
2007,4,6,11.94,"Summer Scarface"
2007,4,6,6.94,"Siege Madre"
2007,3,6,17.94,"Forever Candidate"
2007,4,6,21.94,"Wasteland Divine"
2007,3,6,18.94,"Escape Metropolis"
2007,4,6,10.94,"Bull Shawshank"
2007,3,6,27.94,"Sleepy Japanese"
2007,4,6,30.94,"Bikini Borrowers"
2007,3,6,19.94,"Uprising Uptown"
2007,4,6,30.94,"Creepers Kane"
2007,3,6,15.94,"Illusion Amelie"
2007,4,6,23.94,"Beach Heartbreakers"
2007,4,6,14.94,"Indian Love"
2007,3,6,27.94,"Vanishing Rocky"
2007,3,6,5.94,"Polish Brooklyn"
2007,4,6,29.94,"Alone Trip"
2007,3,6,15.94,"Dalmations Sweden"
2007,4,6,6.94,"Gandhi Kwai"
2007,4,6,19.94,"Army Flintstones"
2007,3,6,34.94,"Rage Games"
2007,4,6,14.94,"Pajama Jawbreaker"
2007,3,6,7.94,"Borrowers Bedazzled"
2007,3,6,19.94,"Mighty Luck"
2007,4,6,8.94,"Pianist Outfield"
2007,3,6,36.94,"Name Detective"
2007,3,6,40.94,"Submarine Bed"
2007,3,6,29.94,"Words Hunter"
2007,3,6,24.94,"Mask Peach"
2007,4,6,7.94,"Smoochy Control"
2007,4,6,6.94,"Dracula Crystal"
2007,3,6,31.94,"Slacker Liaisons"
2007,3,6,8.94,"Frogmen Breaking"
2007,4,6,33.94,"Past Suicides"
2007,3,6,11.94,"Motions Details"
2007,4,6,25.94,"Rider Caddyshack"
2007,4,6,15.94,"Side Ark"
2007,4,6,12.94,"United Pilot"
2007,4,6,12.94,"Voice Peach"
2007,2,6,26.94,"Suspects Quills"
2007,4,6,26.94,"Mummy Creatures"
2007,2,6,26.94,"English Bulworth"
2007,3,6,27.94,"Shane Darkness"
2007,3,6,8.94,"Louisiana Harry"
2007,3,6,35.94,"Destiny Saturday"
2007,3,6,25.94,"Boulevard Mob"
2007,4,6,27.94,"Wait Cider"
2007,4,6,28.94,"Arizona Bang"
2007,3,6,17.94,"Modern Dorado"
2007,3,6,30.94,"Nash Chocolat"
2007,3,6,15.94,"Rock Instinct"
2007,4,6,18.94,"Date Speed"
2007,4,6,15.94,"Evolution Alter"
2007,4,6,31.94,"Opposite Necklace"
2007,3,6,30.94,"Paradise Sabrina"
2007,4,6,40.94,"Bright Encounters"
2007,4,6,29.94,"Comforts Rush"
2007,3,6,33.94,"Core Suit"
2007,3,6,36.94,"Bikini Borrowers"
2007,3,6,29.94,"Virgin Daisy"
2007,4,6,41.94,"Road Roxanne"
2007,3,6,49.94,"Day Unfaithful"
2007,3,6,30.94,"Worst Banger"
2007,3,6,27.94,"Fargo Gandhi"
2007,3,6,20.94,"Madre Gables"
2007,4,6,17.94,"Uptown Young"
2007,3,6,13.94,"Joon Northwest"
2007,4,6,29.94,"Charade Duffel"
2007,3,6,26.94,"Vacation Boondock"
2007,4,6,40.94,"Doors President"
2007,4,6,29.94,"Born Spinal"
2007,3,6,18.94,"Clones Pinocchio"
2007,4,6,38.94,"Fiddler Lost"
2007,3,6,22.94,"Outfield Massacre"
2007,3,6,29.94,"Intentions Empire"
2007,3,6,39.94,"Stagecoach Armageddon"
2007,3,6,15.94,"Summer Scarface"
2007,4,6,44.94,"Panky Submarine"
2007,4,6,5.94,"Hollywood Anonymous"
2007,4,6,24.94,"Driver Annie"
2007,4,6,33.94,"Pluto Oleander"
2007,4,6,14.94,"Minority Kiss"
2007,3,6,22.94,"Chicken Hellfighters"
2007,3,6,40.94,"Super Wyoming"
2007,3,6,38.94,"Pure Runner"
2007,4,6,23.94,"Monster Spartacus"
2007,3,6,11.94,"Cheaper Clyde"
2007,4,6,21.94,"Express Lonely"
2007,4,6,37.94,"Tuxedo Mile"
2007,4,6,40.94,"Silverado Goldfinger"
2007,3,6,11.94,"Dragon Squad"
2007,3,6,36.94,"Blindness Gun"
2007,4,6,19.94,"Party Knock"
2007,3,6,21.94,"Dream Pickup"
2007,4,6,39.94,"Connecticut Tramp"
2007,3,6,35.94,"Hellfighters Sierra"
2007,3,6,22.94,"Roots Remember"
2007,4,6,35.94,"Rules Human"
2007,3,6,20.94,"Berets Agent"
2007,3,6,34.94,"Scarface Bang"
2007,4,6,38.94,"Stranger Strangers"
2007,3,6,33.94,"Airplane Sierra"
2007,4,6,30.94,"Chamber Italian"
2007,4,6,31.94,"Trainspotting Strangers"
2007,4,6,13.94,"Translation Summer"
2007,2,6,22.94,"Grit Clockwork"
2007,3,6,39.94,"Hysterical Grail"
2007,4,6,54.94,"Tycoon Gathering"
2007,3,6,38.94,"Betrayed Rear"
2007,3,6,39.94,"Moonshine Cabin"
2007,3,6,35.94,"Chicago North"
2007,3,6,23.94,"Potter Connecticut"
2007,4,6,28.94,"Searchers Wait"
2007,4,6,37.94,"Dude Blindness"
2007,4,6,10.94,"Sorority Queen"
2007,4,6,7.94,"Patient Sister"
2007,2,6,33.94,"Fellowship Autumn"
2007,4,6,33.94,"Lambs Cincinatti"
2007,3,6,15.94,"Arabia Dogma"
2007,3,6,24.94,"Manchurian Curtain"
2007,3,6,24.94,"Darkness War"
2007,3,6,41.94,"Cincinatti Whisperer"
2007,3,6,48.94,"Virtual Spoilers"
2007,4,6,16.94,"Savannah Town"
2007,3,6,29.94,"Brotherhood Blanket"
2007,4,6,34.94,"Sweet Brotherhood"
2007,3,6,34.94,"Flight Lies"
2007,3,6,15.94,"Kwai Homeward"
2007,2,6,13.94,"Handicap Boondock"
2007,3,6,34.94,"Wizard Coldblooded"
2007,4,6,32.94,"Games Bowfinger"
2007,3,6,33.94,"Center Dinosaur"
2007,4,6,31.94,"Hysterical Grail"
2007,4,6,46.94,"Teen Apollo"
2007,4,6,13.94,"Notorious Reunion"
2007,3,6,7.94,"Resurrection Silverado"
2007,2,6,33.94,"Dogma Family"
2007,4,6,8.94,"Streak Ridgemont"
2007,3,6,24.94,"Earring Instinct"
2007,4,6,22.94,"Speakeasy Date"
2007,4,6,31.94,"Casablanca Super"
2007,4,6,17.94,"Disciple Mother"
2007,3,6,17.94,"Entrapment Satisfaction"
2007,4,6,31.94,"Raging Airplane"
2007,3,6,21.94,"Half Outfield"
2007,3,6,24.94,"Exorcist Sting"
2007,4,6,17.94,"Shrek License"
2007,3,6,8.94,"Citizen Shrek"
2007,3,6,8.94,"Anonymous Human"
2007,3,6,20.94,"Hope Tootsie"
2007,4,6,30.94,"Sensibility Rear"
2007,3,6,18.94,"Varsity Trip"
2007,4,6,33.94,"French Holiday"
2007,4,6,7.94,"Odds Boogie"
2007,3,6,12.94,"Glass Dying"
2007,3,6,40.94,"Gold River"
2007,4,6,30.94,"Chisum Behavior"
2007,4,6,27.94,"Wars Pluto"
2007,3,6,26.94,"Egypt Tenenbaums"
2007,3,6,27.94,"Fury Murder"
2007,3,6,25.94,"Gaslight Crusade"
2007,4,6,18.94,"Town Ark"
2007,4,6,29.94,"Temple Attraction"
2007,3,6,17.94,"Rouge Squad"
2007,3,6,19.94,"Adaptation Holes"
2007,3,6,32.94,"Orient Closer"
2007,3,6,42.94,"Details Packer"
2007,4,6,38.94,"Anthem Luke"
2007,4,6,33.94,"Saturn Name"
2007,3,6,41.94,"Attacks Hate"
2007,3,6,20.94,"Barefoot Manchurian"
2007,3,6,48.94,"Titanic Boondock"
2007,4,6,20.94,"Cyclone Family"
2007,2,6,33.94,"Forrester Comancheros"
2007,3,6,17.94,"Timberland Sky"
2007,3,6,10.94,"Club Graffiti"
2007,4,6,31.94,"Smile Earring"
2007,3,6,17.94,"Pajama Jawbreaker"
2007,4,6,12.94,"Mob Duffel"
2007,4,6,35.94,"Wyoming Storm"
2007,4,6,47.94,"Flash Wars"
2007,4,6,40.94,"Command Darling"
2007,4,6,21.94,"Turn Star"
2007,3,6,14.94,"Tootsie Pilot"
2007,4,6,29.94,"Ferris Mother"
2007,4,6,24.94,"Bill Others"
2007,3,6,26.94,"Instinct Airport"
2007,4,6,14.94,"Taxi Kick"
2007,4,6,19.94,"Dinosaur Secretary"
2007,3,6,6.94,"Hollywood Anonymous"
2007,3,6,18.94,"Idaho Love"
2007,4,6,36.94,"Daddy Pittsburgh"
2007,4,6,28.94,"Meet Chocolate"
2007,3,6,6.94,"Alter Victory"
2007,4,6,16.94,"Club Graffiti"
2007,3,6,19.94,"Alley Evolution"
2007,4,6,7.94,"Vietnam Smoochy"
2007,4,6,26.94,"Flying Hook"
2007,3,6,6.94,"Smoking Barbarella"
2007,4,6,40.94,"Edge Kissing"
2007,2,6,13.94,"Juggler Hardly"
2007,4,6,9.94,"Theory Mermaid"
2007,4,6,35.94,"Grinch Massage"
2007,4,6,35.94,"Valley Packer"
2007,3,6,5.94,"Bride Intrigue"
2007,4,6,35.94,"Model Fish"
2007,3,6,29.94,"Fugitive Maguire"
2007,3,6,15.94,"Armageddon Lost"
2007,4,6,30.94,"Outlaw Hanky"
2007,3,6,21.94,"Badman Dawn"
2007,3,6,11.94,"Sundance Invasion"
2007,3,6,34.94,"Gunfighter Mussolini"
2007,3,6,38.94,"Conversation Downhill"
2007,4,6,7.94,"Holocaust Highball"
2007,4,6,7.94,"Mosquito Armageddon"
2007,4,6,18.94,"Newton Labyrinth"
2007,3,6,23.94,"Trouble Date"
2007,3,6,28.94,"Eyes Driving"
2007,3,6,19.94,"Hunting Musketeers"
2007,3,6,22.94,"Chariots Conspiracy"
2007,3,6,21.94,"Microcosmos Paradise"
2007,4,6,21.94,"Uprising Uptown"
2007,4,6,7.94,"Polish Brooklyn"
2007,3,6,36.94,"Expecations Natural"
2007,4,6,6.94,"Clockwork Paradise"
2007,3,6,25.94,"Affair Prejudice"
2007,3,6,21.94,"Weekend Personal"
2007,4,6,6.94,"Beethoven Exorcist"
2007,3,6,34.94,"Mermaid Insects"
2007,4,6,28.94,"Identity Lover"
2007,3,6,9.94,"Gathering Calendar"
2007,4,6,40.94,"California Birds"
2007,3,6,29.94,"Boiled Dares"
2007,3,6,9.94,"Outbreak Divine"
2007,3,6,18.94,"Uncut Suicides"
2007,4,6,33.94,"Usual Untouchables"
2007,4,6,31.94,"Words Hunter"
2007,4,6,36.94,"West Lion"
2007,3,6,25.94,"Comforts Rush"
2007,4,6,40.94,"Human Graffiti"
2007,3,6,23.94,"Patriot Roman"
2007,4,6,37.94,"Deep Crusade"
2007,3,6,26.94,"Reap Unfaithful"
2007,4,6,20.94,"Lucky Flying"
2007,3,6,18.94,"Paris Weekend"
2007,3,6,21.94,"Ferris Mother"
2007,3,6,29.94,"Image Princess"
2007,3,6,30.94,"Candles Grapes"
2007,3,6,44.94,"Kissing Dolls"
2007,3,6,23.94,"Beach Heartbreakers"
2007,3,6,33.94,"War Notting"
2007,3,6,35.94,"Birch Antitrust"
2007,3,6,18.94,"Spinal Rocky"
2007,2,6,16.94,"Timberland Sky"
2007,3,6,8.94,"Drums Dynamite"
2007,4,6,18.94,"Worker Tarzan"
2007,3,5,19.95,"Town Ark"
2007,3,5,15.95,"Wasteland Divine"
2007,4,5,19.95,"Wagon Jaws"
2007,3,5,5.95,"Bedazzled Married"
2007,3,5,28.95,"West Lion"
2007,4,5,18.95,"Potluck Mixed"
2007,3,5,25.95,"Jingle Sagebrush"
2007,3,5,11.95,"Anaconda Confessions"
2007,3,5,44.95,"Trap Guys"
2007,3,5,35.95,"Tourist Pelican"
2007,3,5,9.95,"Evolution Alter"
2007,4,5,27.95,"Devil Desire"
2007,4,5,11.95,"Natural Stock"
2007,4,5,16.95,"Spiking Element"
2007,4,5,26.95,"Lover Truman"
2007,3,5,5.95,"Silence Kane"
2007,2,5,26.95,"Pulp Beverly"
2007,3,5,29.95,"Moonwalker Fool"
2007,3,5,15.95,"Pilot Hoosiers"
2007,3,5,9.95,"Finding Anaconda"
2007,4,5,11.95,"Drums Dynamite"
2007,4,5,9.95,"Gilbert Pelican"
2007,3,5,4.95,"Homeward Cider"
2007,3,5,30.95,"Something Duck"
2007,4,5,24.95,"Drumline Cyclone"
2007,4,5,38.95,"Bilko Anonymous"
2007,3,5,27.95,"Devil Desire"
2007,3,5,34.95,"Panky Submarine"
2007,3,5,37.95,"Lady Stage"
2007,4,5,20.95,"Creatures Shakespeare"
2007,3,5,10.95,"Vietnam Smoochy"
2007,3,5,29.95,"Million Ace"
2007,3,5,22.95,"Prix Undefeated"
2007,3,5,24.95,"Igby Maker"
2007,4,5,15.95,"Heaven Freedom"
2007,2,5,27.95,"Scalawag Duck"
2007,4,5,24.95,"Forrest Sons"
2007,2,5,28.95,"Bucket Brotherhood"
2007,4,5,8.95,"Tomatoes Hellfighters"
2007,3,5,29.95,"Creepers Kane"
2007,4,5,14.95,"Wisdom Worker"
2007,3,5,11.95,"Runner Madigan"
2007,3,5,15.95,"Reservoir Adaptation"
2007,3,5,25.95,"Saturn Name"
2007,4,5,36.95,"Virtual Spoilers"
2007,4,5,23.95,"African Egg"
2007,4,5,10.95,"Reef Salute"
2007,2,5,10.95,"Ridgemont Submarine"
2007,4,5,27.95,"Twisted Pirates"
2007,3,5,34.95,"Dude Blindness"
2007,4,5,30.95,"Monsoon Cause"
2007,2,5,19.95,"Brotherhood Blanket"
2007,4,5,33.95,"Darko Dorado"
2007,4,5,15.95,"Uncut Suicides"
2007,4,5,23.95,"Kramer Chocolate"
2007,4,5,29.95,"Massage Image"
2007,3,5,15.95,"Spiking Element"
2007,2,5,16.95,"Balloon Homeward"
2007,2,5,27.95,"Stagecoach Armageddon"
2007,3,5,29.95,"Interview Liaisons"
2007,3,5,31.95,"Airport Pollock"
2007,3,5,5.95,"Hunger Roof"
2007,2,5,17.95,"Hyde Doctor"
2007,3,5,38.95,"Raging Airplane"
2007,3,5,16.95,"Robbery Bright"
2007,3,5,6.95,"Rear Trading"
2007,2,5,19.95,"Princess Giant"
2007,4,5,24.95,"Right Cranes"
2007,3,5,20.95,"Charade Duffel"
2007,3,5,19.95,"Caddyshack Jedi"
2007,4,5,7.95,"Spirited Casualties"
2007,3,5,25.95,"Drifter Commandments"
2007,3,5,21.95,"Maker Gables"
2007,2,5,18.95,"Spy Mile"
2007,2,5,6.95,"Story Side"
2007,2,5,14.95,"Rugrats Shakespeare"
2007,3,5,9.95,"Slipper Fidelity"
2007,3,5,27.95,"Turn Star"
2007,3,5,12.95,"Watch Tracy"
2007,3,5,34.95,"Easy Gladiator"
2007,3,5,27.95,"Coldblooded Darling"
2007,4,5,13.95,"Entrapment Satisfaction"
2007,3,5,29.95,"Rules Human"
2007,4,5,17.95,"Microcosmos Paradise"
2007,4,5,4.95,"Ending Crowds"
2007,4,5,10.95,"Robbery Bright"
2007,3,5,7.95,"Gandhi Kwai"
2007,3,5,24.95,"Bowfinger Gables"
2007,3,5,27.95,"Past Suicides"
2007,3,5,20.95,"Cranes Reservoir"
2007,3,5,26.95,"Confessions Maguire"
2007,3,5,10.95,"Side Ark"
2007,3,5,7.95,"Blade Polish"
2007,3,5,26.95,"Steers Armageddon"
2007,4,5,34.95,"Beast Hunchback"
2007,4,5,37.95,"Pittsburgh Hunchback"
2007,2,5,7.95,"Banger Pinocchio"
2007,4,5,24.95,"Bowfinger Gables"
2007,3,5,33.95,"Flash Wars"
2007,4,5,13.95,"Jungle Closer"
2007,4,5,35.95,"Peach Innocent"
2007,3,5,28.95,"Jeepers Wedding"
2007,3,5,32.95,"Thin Sagebrush"
2007,3,5,31.95,"Behavior Runaway"
2007,4,5,9.95,"Unforgiven Zoolander"
2007,4,5,27.95,"Bird Independence"
2007,3,5,9.95,"Mars Roman"
2007,3,5,21.95,"Date Speed"
2007,3,5,13.95,"Groove Fiction"
2007,2,5,24.95,"Horn Working"
2007,3,5,27.95,"Impossible Prejudice"
2007,4,5,15.95,"Dragon Squad"
2007,4,5,14.95,"Mask Peach"
2007,3,5,27.95,"Tuxedo Mile"
2007,3,5,41.95,"Flintstones Happiness"
2007,3,5,14.95,"Stock Glass"
2007,3,5,5.95,"Craft Outfield"
2007,3,5,8.95,"Beneath Rush"
2007,4,5,18.95,"Madre Gables"
2007,4,5,34.95,"Gold River"
2007,3,5,17.95,"Noon Papi"
2007,4,5,29.95,"Nuts Ties"
2007,3,5,37.95,"Tycoon Gathering"
2007,4,5,29.95,"Gunfighter Mussolini"
2007,4,5,24.95,"Iron Moon"
2007,3,5,27.95,"Secret Groundhog"
2007,3,5,29.95,"Memento Zoolander"
2007,4,5,16.95,"Alley Evolution"
2007,4,5,27.95,"Mother Oleander"
2007,3,5,27.95,"Searchers Wait"
2007,3,5,22.95,"Rider Caddyshack"
2007,4,5,26.95,"Boiled Dares"
2007,4,5,21.95,"Unbreakable Karate"
2007,3,5,16.95,"Graduate Lord"
2007,3,5,22.95,"Purple Movie"
2007,3,5,17.95,"Unfaithful Kill"
2007,3,5,12.95,"Wedding Apollo"
2007,4,5,28.95,"Opus Ice"
2007,2,5,20.95,"Network Peak"
2007,4,5,32.95,"Hanging Deep"
2007,4,5,33.95,"Panther Reds"
2007,2,5,47.95,"Telegraph Voyage"
2007,4,5,16.95,"Hamlet Wisdom"
2007,3,5,24.95,"Pluto Oleander"
2007,3,5,17.95,"Scissorhands Slums"
2007,4,5,26.95,"War Notting"
2007,3,5,28.95,"Sweden Shining"
2007,4,5,6.95,"Bedazzled Married"
2007,3,5,31.95,"Casper Dragonfly"
2007,3,5,11.95,"Army Flintstones"
2007,4,5,16.95,"Forever Candidate"
2007,4,5,10.95,"Citizen Shrek"
2007,3,5,26.95,"Musketeers Wait"
2007,2,5,36.95,"Enemy Odds"
2007,2,5,30.95,"Titans Jerk"
2007,4,5,12.95,"Mile Mulan"
2007,3,5,26.95,"Usual Untouchables"
2007,3,5,4.95,"Siege Madre"
2007,3,5,17.95,"Nemo Campus"
2007,2,5,18.95,"Shock Cabin"
2007,4,5,35.95,"Thin Sagebrush"
2007,4,5,15.95,"Darkness War"
2007,3,5,26.95,"Dangerous Uptown"
2007,3,5,16.95,"Cyclone Family"
2007,3,5,33.95,"Champion Flatliners"
2007,4,5,6.95,"Everyone Craft"
2007,3,5,40.95,"Waterfront Deliverance"
2007,3,5,10.95,"Kick Savannah"
2007,4,5,8.95,"Motions Details"
2007,4,5,14.95,"Saddle Antitrust"
2007,4,5,17.95,"Song Hedwig"
2007,3,5,17.95,"Circus Youth"
2007,3,5,14.95,"Run Pacific"
2007,4,5,27.95,"Element Freddy"
2007,3,5,6.95,"Sorority Queen"
2007,4,5,17.95,"Jade Bunch"
2007,4,5,38.95,"Birch Antitrust"
2007,3,5,15.95,"Blanket Beverly"
2007,4,5,24.95,"Betrayed Rear"
2007,3,5,27.95,"Holiday Games"
2007,4,5,8.95,"Jeopardy Encino"
2007,4,5,14.95,"Chaplin License"
2007,2,5,14.95,"None Spiking"
2007,3,5,14.95,"Sierra Divide"
2007,4,5,23.95,"Bugsy Song"
2007,2,5,31.95,"Velvet Terminator"
2007,2,5,26.95,"Witches Panic"
2007,2,5,15.95,"Graffiti Love"
2007,3,5,30.95,"Groundhog Uncut"
2007,4,5,30.95,"Autumn Crow"
2007,3,5,10.95,"Gables Metropolis"
2007,3,5,12.95,"Valley Packer"
2007,3,5,41.95,"Bilko Anonymous"
2007,4,5,44.95,"Behavior Runaway"
2007,4,5,10.95,"Mulan Moon"
2007,2,5,18.95,"Escape Metropolis"
2007,3,5,15.95,"Lovely Jingle"
2007,4,5,7.95,"Victory Academy"
2007,4,5,18.95,"Breaking Home"
2007,4,5,14.95,"Shanghai Tycoon"
2007,3,5,4.95,"Music Boondock"
2007,4,5,26.95,"Elephant Trojan"
2007,3,5,35.95,"Hunchback Impossible"
2007,3,5,16.95,"Hedwig Alter"
2007,4,5,24.95,"Blindness Gun"
2007,3,5,5.95,"Valentine Vanishing"
2007,2,5,29.95,"Lola Agent"
2007,3,5,7.95,"Notorious Reunion"
2007,4,5,6.95,"Jawbreaker Brooklyn"
2007,4,5,17.95,"Lord Arizona"
2007,4,5,37.95,"Amelie Hellfighters"
2007,4,5,26.95,"Home Pity"
2007,4,5,28.95,"Thief Pelican"
2007,3,5,26.95,"Edge Kissing"
2007,4,5,27.95,"Submarine Bed"
2007,2,5,19.95,"Tomorrow Hustler"
2007,4,5,25.95,"Jaws Harry"
2007,3,5,31.95,"Mission Zoolander"
2007,3,5,38.95,"Satisfaction Confidential"
2007,4,5,21.95,"Purple Movie"
2007,2,5,31.95,"Zorro Ark"
2007,2,5,31.95,"Easy Gladiator"
2007,3,5,31.95,"Alabama Devil"
2007,2,5,16.95,"Robbers Joon"
2007,4,5,26.95,"Werewolf Lola"
2007,3,5,38.95,"Teen Apollo"
2007,4,5,10.95,"Tootsie Pilot"
2007,3,5,30.95,"Model Fish"
2007,3,5,7.95,"Dances None"
2007,3,5,16.95,"Hamlet Wisdom"
2007,3,5,18.95,"Party Knock"
2007,4,5,6.95,"Language Cowboy"
2007,3,5,30.95,"Twisted Pirates"
2007,3,5,22.95,"Vertigo Northwest"
2007,4,5,27.95,"Campus Remember"
2007,4,5,26.95,"State Wasteland"
2007,3,5,38.95,"Suit Walls"
2007,2,5,14.95,"Wardrobe Phantom"
2007,4,5,7.95,"Pride Alamo"
2007,3,5,26.95,"Peach Innocent"
2007,3,5,28.95,"Element Freddy"
2007,2,5,27.95,"Movie Shakespeare"
2007,3,5,41.95,"Paths Control"
2007,3,5,31.95,"Daisy Menagerie"
2007,2,5,9.95,"Madness Attacks"
2007,2,5,14.95,"Detective Vision"
2007,3,5,21.95,"Shrunk Divine"
2007,2,5,21.95,"Rocketeer Mother"
2007,3,5,32.95,"Sleepless Monsoon"
2007,3,5,6.95,"Lawrence Love"
2007,4,5,29.95,"Vanilla Day"
2007,4,5,38.95,"Day Unfaithful"
2007,3,5,35.95,"Spartacus Cheaper"
2007,2,5,26.95,"Wash Heavenly"
2007,3,5,26.95,"Sagebrush Clueless"
2007,4,5,18.95,"Shane Darkness"
2007,3,5,16.95,"Enough Raging"
2007,4,5,14.95,"Stone Fire"
2007,2,5,14.95,"Barbarella Streetcar"
2007,3,5,25.95,"Holes Brannigan"
2007,3,5,24.95,"Born Spinal"
2007,3,5,30.95,"Shawshank Bubble"
2007,3,5,14.95,"Willow Tracy"
2007,4,5,21.95,"Exorcist Sting"
2007,3,5,8.95,"Translation Summer"
2007,4,5,24.95,"Jekyll Frogmen"
2007,3,5,9.95,"Odds Boogie"
2007,4,5,16.95,"Paris Weekend"
2007,3,5,36.95,"Brannigan Sunrise"
2007,3,5,4.95,"Towers Hurricane"
2007,4,5,21.95,"Frida Slipper"
2007,3,5,10.95,"Midnight Westward"
2007,3,5,8.95,"Reef Salute"
2007,3,5,21.95,"Doom Dancing"
2007,4,5,5.95,"Anonymous Human"
2007,3,5,25.95,"Lolita World"
2007,4,5,20.95,"Trojan Tomorrow"
2007,4,5,16.95,"Illusion Amelie"
2007,4,4,23.96,"Intolerable Intentions"
2007,2,4,21.96,"Truman Crazy"
2007,4,4,12.96,"Dwarfs Alter"
2007,3,4,13.96,"Pet Haunting"
2007,2,4,25.96,"Attraction Newton"
2007,3,4,3.96,"Spirit Flintstones"
2007,2,4,13.96,"Anaconda Confessions"
2007,4,4,12.96,"Luck Opus"
2007,3,4,28.96,"Sons Interview"
2007,3,4,20.96,"Werewolf Lola"
2007,3,4,28.96,"Conquerer Nuts"
2007,4,4,22.96,"Reds Pocus"
2007,4,4,19.96,"Gosford Donnie"
2007,4,4,20.96,"Jingle Sagebrush"
2007,2,4,14.96,"Hills Neighbors"
2007,4,4,19.96,"Desperate Trainspotting"
2007,2,4,14.96,"Metal Armageddon"
2007,2,4,24.96,"Chance Resurrection"
2007,2,4,4.96,"Resurrection Silverado"
2007,3,4,19.96,"Iron Moon"
2007,4,4,21.96,"Clue Grail"
2007,3,4,22.96,"Meet Chocolate"
2007,4,4,20.96,"Mod Secretary"
2007,2,4,12.96,"Island Exorcist"
2007,3,4,11.96,"Ship Wonderland"
2007,2,4,10.96,"Annie Identity"
2007,4,4,15.96,"Glass Dying"
2007,2,4,11.96,"Expendable Stallion"
2007,4,4,12.96,"Won Dares"
2007,4,4,23.96,"Ali Forever"
2007,2,4,7.96,"Mallrats United"
2007,2,4,28.96,"Whale Bikini"
2007,3,4,7.96,"Monterey Labyrinth"
2007,4,4,22.96,"Drop Waterfront"
2007,4,4,14.96,"Stage World"
2007,4,4,14.96,"Blanket Beverly"
2007,4,4,19.96,"Newsies Story"
2007,2,4,15.96,"Others Soup"
2007,4,4,8.96,"Mystic Truman"
2007,2,4,17.96,"Giant Troopers"
2007,2,4,6.96,"Frost Head"
2007,3,4,40.96,"Backlash Undefeated"
2007,3,4,11.96,"Shining Roses"
2007,2,4,11.96,"Clueless Bucket"
2007,2,4,6.96,"Shepherd Midsummer"
2007,3,4,14.96,"Dolls Rage"
2007,4,4,19.96,"Soldiers Evolution"
2007,2,4,5.96,"Coast Rainbow"
2007,2,4,8.96,"Carrie Bunch"
2007,4,4,25.96,"Italian African"
2007,2,4,13.96,"Oscar Gold"
2007,2,4,22.96,"Ghost Groundhog"
2007,4,4,20.96,"Records Zorro"
2007,4,4,22.96,"Flight Lies"
2007,4,4,21.96,"Fugitive Maguire"
2007,3,4,26.96,"Loser Hustler"
2007,4,4,23.96,"Doubtfire Labyrinth"
2007,2,4,20.96,"Liaisons Sweet"
2007,4,4,11.96,"Dares Pluto"
2007,4,4,21.96,"Darling Breaking"
2007,2,4,22.96,"Philadelphia Wife"
2007,3,4,33.96,"Ties Hunger"
2007,2,4,22.96,"Closer Bang"
2007,4,4,17.96,"Hoosiers Birdcage"
2007,2,4,15.96,"Hanky October"
2007,4,4,6.96,"Sunset Racer"
2007,3,4,7.96,"Mosquito Armageddon"
2007,4,4,5.96,"Montezuma Command"
2007,3,4,14.96,"Analyze Hoosiers"
2007,4,4,5.96,"Notting Speakeasy"
2007,3,4,4.96,"Montezuma Command"
2007,3,4,23.96,"Grosse Wonderful"
2007,2,4,23.96,"Tourist Pelican"
2007,2,4,16.96,"Gunfight Moon"
2007,2,4,18.96,"Wedding Apollo"
2007,3,4,20.96,"Ghost Groundhog"
2007,3,4,3.96,"Tenenbaums Command"
2007,2,4,25.96,"Wife Turn"
2007,4,4,11.96,"Crazy Home"
2007,4,4,30.96,"Paths Control"
2007,4,4,35.96,"Casualties Encino"
2007,3,4,16.96,"Lonely Elephant"
2007,2,4,15.96,"Chariots Conspiracy"
2007,2,4,14.96,"Forward Temple"
2007,4,4,11.96,"Adaptation Holes"
2007,3,4,22.96,"Doubtfire Labyrinth"
2007,2,4,3.96,"Pocus Pulp"
2007,3,4,12.96,"Labyrinth League"
2007,3,4,20.96,"Wanda Chamber"
2007,3,4,12.96,"Monster Spartacus"
2007,2,4,26.96,"Videotape Arsenic"
2007,3,4,22.96,"Mod Secretary"
2007,4,4,19.96,"Haunted Antitrust"
2007,3,4,23.96,"North Tequila"
2007,3,4,12.96,"Artist Coldblooded"
2007,3,4,14.96,"Mob Duffel"
2007,2,4,11.96,"Idols Snatchers"
2007,3,4,15.96,"Massage Image"
2007,2,4,13.96,"Contact Anonymous"
2007,3,4,12.96,"Won Dares"
2007,4,4,13.96,"Cowboy Doom"
2007,4,4,27.96,"Super Wyoming"
2007,4,4,14.96,"Cassidy Wyoming"
2007,3,4,20.96,"Right Cranes"
2007,3,4,11.96,"Splash Gump"
2007,2,4,15.96,"Samurai Lion"
2007,2,4,14.96,"Unbreakable Karate"
2007,2,4,21.96,"Fatal Haunted"
2007,2,4,24.96,"Maiden Home"
2007,3,4,27.96,"Pittsburgh Hunchback"
2007,2,4,5.96,"Wolves Desire"
2007,4,4,27.96,"Wonderful Drop"
2007,3,4,20.96,"Lawless Vision"
2007,3,4,25.96,"Dragonfly Strangers"
2007,2,4,5.96,"Primary Glass"
2007,3,4,8.96,"Spirited Casualties"
2007,2,4,24.96,"Center Dinosaur"
2007,3,4,7.96,"Clyde Theory"
2007,2,4,9.96,"Voyage Legally"
2007,4,4,33.96,"Park Citizen"
2007,2,4,11.96,"Chicken Hellfighters"
2007,4,4,13.96,"Squad Fish"
2007,4,4,20.96,"Lost Bird"
2007,2,4,9.96,"Sleuth Orient"
2007,4,4,3.96,"Arabia Dogma"
2007,3,4,37.96,"Silverado Goldfinger"
2007,4,4,24.96,"Spartacus Cheaper"
2007,2,4,29.96,"Drifter Commandments"
2007,4,4,21.96,"Rollercoaster Bringing"
2007,2,4,3.96,"Moon Bunch"
2007,3,4,4.96,"Spoilers Hellfighters"
2007,3,4,5.96,"Love Suicides"
2007,2,4,5.96,"Celebrity Horn"
2007,3,4,29.96,"Seattle Expecations"
2007,3,4,12.96,"Donnie Alley"
2007,3,4,17.96,"Lust Lock"
2007,3,4,10.96,"Rings Heartbreakers"
2007,2,4,11.96,"Muscle Bright"
2007,4,4,24.96,"Frisco Forrest"
2007,3,4,13.96,"Maguire Apache"
2007,2,4,23.96,"Details Packer"
2007,2,4,14.96,"Murder Antitrust"
2007,2,4,12.96,"Sweethearts Suspects"
2007,3,4,13.96,"Snatchers Montezuma"
2007,4,4,9.96,"Hunger Roof"
2007,2,4,11.96,"Hobbit Alien"
2007,3,4,7.96,"Gunfight Moon"
2007,4,4,20.96,"Guys Falcon"
2007,2,4,21.96,"Secret Groundhog"
2007,4,4,3.96,"Duffel Apocalypse"
2007,3,4,22.96,"Madison Trap"
2007,3,4,11.96,"Crazy Home"
2007,4,4,3.96,"Maude Mod"
2007,2,4,27.96,"Interview Liaisons"
2007,3,4,11.96,"Natural Stock"
2007,4,4,9.96,"Superfly Trip"
2007,4,4,13.96,"Halloween Nuts"
2007,4,4,22.96,"October Submarine"
2007,2,4,22.96,"Salute Apollo"
2007,3,4,27.96,"California Birds"
2007,3,4,15.96,"Feathers Metal"
2007,3,4,7.96,"Everyone Craft"
2007,3,4,19.96,"Breaking Home"
2007,3,4,19.96,"Pickup Driving"
2007,2,4,29.96,"Backlash Undefeated"
2007,4,4,8.96,"Runaway Tenenbaums"
2007,3,4,32.96,"Ace Goldfinger"
2007,3,4,6.96,"Bonnie Holocaust"
2007,4,4,13.96,"Scissorhands Slums"
2007,2,4,31.96,"Fool Mockingbird"
2007,3,4,22.96,"Deep Crusade"
2007,2,4,19.96,"Aladdin Calendar"
2007,3,4,19.96,"Games Bowfinger"
2007,3,4,22.96,"Lost Bird"
2007,3,4,13.96,"Random Go"
2007,4,4,10.96,"Shining Roses"
2007,2,4,23.96,"Seattle Expecations"
2007,3,4,6.96,"Majestic Floats"
2007,3,4,4.96,"Smoochy Control"
2007,2,4,25.96,"Working Microcosmos"
2007,4,4,4.96,"Lights Deer"
2007,3,4,3.96,"Sassy Packer"
2007,3,4,22.96,"Home Pity"
2007,4,4,14.96,"Finding Anaconda"
2007,4,4,19.96,"Elizabeth Shane"
2007,4,4,18.96,"Bulworth Commandments"
2007,2,4,21.96,"Open African"
2007,3,4,25.96,"Ali Forever"
2007,3,4,15.96,"Frida Slipper"
2007,4,4,14.96,"Magic Mallrats"
2007,2,4,7.96,"Caper Motions"
2007,3,4,28.96,"Darko Dorado"
2007,2,4,11.96,"Loathing Legally"
2007,3,4,21.96,"Identity Lover"
2007,3,4,21.96,"Chamber Italian"
2007,2,4,6.96,"Homeward Cider"
2007,4,4,23.96,"President Bang"
2007,4,4,9.96,"Stampede Disturbing"
2007,3,4,3.96,"Greedy Roots"
2007,2,4,7.96,"Mourning Purple"
2007,2,4,14.96,"Bear Graceland"
2007,4,4,18.96,"Jumanji Blade"
2007,3,4,30.96,"Strangers Graffiti"
2007,2,4,5.96,"Jumping Wrath"
2007,2,4,16.96,"Badman Dawn"
2007,2,4,25.96,"Harry Idaho"
2007,3,4,9.96,"Language Cowboy"
2007,4,4,11.96,"Destination Jerk"
2007,2,4,11.96,"Dream Pickup"
2007,4,4,3.96,"Young Language"
2007,4,4,24.96,"Dying Maker"
2007,3,4,23.96,"Rocky War"
2007,2,4,16.96,"Gleaming Jawbreaker"
2007,3,4,27.96,"Temple Attraction"
2007,4,4,9.96,"Dances None"
2007,2,4,4.96,"Alaska Phantom"
2007,3,4,9.96,"Factory Dragon"
2007,3,4,24.96,"October Submarine"
2007,2,4,10.96,"Rush Goodfellas"
2007,3,4,20.96,"Potluck Mixed"
2007,2,4,4.96,"Westward Seabiscuit"
2007,3,4,6.96,"Cleopatra Devil"
2007,3,4,18.96,"Personal Ladybugs"
2007,4,4,9.96,"Birdcage Casper"
2007,4,4,11.96,"Lock Rear"
2007,2,4,7.96,"Fight Jawbreaker"
2007,2,4,28.96,"Kissing Dolls"
2007,2,4,17.96,"Color Philadelphia"
2007,4,4,19.96,"Hollow Jeopardy"
2007,2,4,22.96,"Strictly Scarface"
2007,4,4,19.96,"Modern Dorado"
2007,4,4,11.96,"Saints Bride"
2007,3,4,5.96,"Superfly Trip"
2007,3,4,37.96,"Caribbean Liberty"
2007,2,4,4.96,"Goldmine Tycoon"
2007,3,4,11.96,"Birdcage Casper"
2007,4,4,29.96,"Sense Greek"
2007,2,4,28.96,"Massacre Usual"
2007,4,4,13.96,"Oleander Clue"
2007,3,4,22.96,"Heavenly Gun"
2007,4,4,9.96,"Maker Gables"
2007,4,4,14.96,"Random Go"
2007,3,4,11.96,"Saddle Antitrust"
2007,2,4,3.96,"Talented Homicide"
2007,4,4,6.96,"Legend Jedi"
2007,4,4,23.96,"Champion Flatliners"
2007,3,4,14.96,"Rollercoaster Bringing"
2007,2,4,13.96,"Oz Liaisons"
2007,3,4,18.96,"State Wasteland"
2007,3,4,21.96,"Godfather Diary"
2007,2,4,26.96,"Queen Luke"
2007,2,4,19.96,"Apache Divine"
2007,3,4,11.96,"Freaky Pocus"
2007,2,4,22.96,"Show Lord"
2007,2,4,20.96,"Fargo Gandhi"
2007,4,4,13.96,"Leathernecks Dwarfs"
2007,4,4,26.96,"Blood Argonauts"
2007,4,4,25.96,"Tarzan Videotape"
2007,2,4,7.96,"Crooked Frogmen"
2007,3,4,19.96,"Fire Wolves"
2007,4,4,14.96,"Antitrust Tomatoes"
2007,2,4,12.96,"Camelot Vacation"
2007,2,4,32.96,"Pelican Comforts"
2007,3,4,22.96,"Stage World"
2007,4,4,11.96,"Desire Alien"
2007,4,4,12.96,"Warlock Werewolf"
2007,4,4,33.96,"Panic Club"
2007,4,4,32.96,"Moonwalker Fool"
2007,2,4,23.96,"Name Detective"
2007,3,4,7.96,"Gilbert Pelican"
2007,4,4,11.96,"World Leathernecks"
2007,4,4,17.96,"Dirty Ace"
2007,4,4,12.96,"Chitty Lock"
2007,3,4,11.96,"Mile Mulan"
2007,4,4,8.96,"Spoilers Hellfighters"
2007,3,4,4.96,"Notting Speakeasy"
2007,2,4,11.96,"Disturbing Scarface"
2007,2,4,3.96,"Roman Punk"
2007,2,4,19.96,"Durham Panky"
2007,2,4,26.96,"Sunrise League"
2007,3,4,14.96,"Cabin Flash"
2007,4,4,11.96,"Santa Paris"
2007,4,4,15.96,"Clyde Theory"
2007,3,4,19.96,"Baked Cleopatra"
2007,4,4,6.96,"Beneath Rush"
2007,2,4,18.96,"High Encino"
2007,4,4,3.96,"Rebel Airport"
2007,3,4,11.96,"Express Lonely"
2007,2,4,21.96,"Coma Head"
2007,3,4,23.96,"Gorgeous Bingo"
2007,4,4,20.96,"Grail Frankenstein"
2007,3,4,9.96,"Wrath Mile"
2007,3,4,7.96,"Necklace Outbreak"
2007,3,4,13.96,"Gone Trouble"
2007,3,4,21.96,"Quills Bull"
2007,3,4,11.96,"Santa Paris"
2007,4,4,22.96,"North Tequila"
2007,2,4,13.96,"Butterfly Chocolat"
2007,3,4,3.96,"Streak Ridgemont"
2007,3,4,3.96,"Crow Grease"
2007,4,4,39.96,"King Evolution"
2007,4,4,9.96,"Feathers Metal"
2007,3,4,5.96,"Hook Chariots"
2007,3,4,20.96,"Anything Savannah"
2007,3,4,5.96,"Jungle Closer"
2007,4,4,16.96,"Magnolia Forrester"
2007,2,4,3.96,"Amadeus Holy"
2007,2,4,9.96,"Haunting Pianist"
2007,2,4,13.96,"Family Sweet"
2007,2,4,11.96,"Tracy Cider"
2007,4,4,5.96,"Holy Tadpole"
2007,3,4,28.96,"Whale Bikini"
2007,4,4,12.96,"Pet Haunting"
2007,3,4,18.96,"Divine Resurrection"
2007,4,4,25.96,"Punk Divorce"
2007,4,4,16.96,"Snatchers Montezuma"
2007,4,4,14.96,"Maguire Apache"
2007,4,4,28.96,"Ties Hunger"
2007,4,4,19.96,"Legally Secretary"
2007,2,4,19.96,"Boogie Amelie"
2007,3,3,9.97,"Watership Frontier"
2007,3,3,13.97,"Squad Fish"
2007,3,3,13.97,"Hunter Alter"
2007,2,3,20.97,"Scorpion Apollo"
2007,4,3,15.97,"Hotel Happiness"
2007,3,3,21.97,"Terminator Club"
2007,3,3,12.97,"Insider Arizona"
2007,4,3,8.97,"Conspiracy Spirit"
2007,2,3,20.97,"Cat Coneheads"
2007,2,3,13.97,"Hope Tootsie"
2007,3,3,7.97,"Ending Crowds"
2007,4,3,15.97,"Speed Suit"
2007,2,3,18.97,"Trading Pinocchio"
2007,2,3,5.97,"Wind Phantom"
2007,3,3,19.97,"Lover Truman"
2007,3,3,22.97,"Bright Encounters"
2007,2,3,6.97,"Effect Gladiator"
2007,4,3,4.97,"Towers Hurricane"
2007,4,3,3.97,"Connection Microcosmos"
2007,2,3,2.97,"Feud Frogmen"
2007,2,3,16.97,"Prejudice Oleander"
2007,4,3,18.97,"Seven Swarm"
2007,2,3,3.97,"Packer Madigan"
2007,2,3,2.97,"Highball Potter"
2007,3,3,12.97,"Jeopardy Encino"
2007,2,3,4.97,"Storm Happiness"
2007,2,3,2.97,"Borrowers Bedazzled"
2007,2,3,4.97,"Lose Inch"
2007,3,3,17.97,"Connecticut Tramp"
2007,3,3,24.97,"Beast Hunchback"
2007,4,3,2.97,"Harold French"
2007,2,3,9.97,"Blackout Private"
2007,4,3,14.97,"Private Drop"
2007,3,3,18.97,"Madigan Dorado"
2007,2,3,11.97,"Knock Warlock"
2007,2,3,15.97,"Weekend Personal"
2007,2,3,8.97,"Jade Bunch"
2007,3,3,14.97,"Chisum Behavior"
2007,2,3,5.97,"Tights Dawn"
2007,3,3,15.97,"Wyoming Storm"
2007,2,3,15.97,"Greatest North"
2007,2,3,15.97,"Igby Maker"
2007,2,3,4.97,"Polish Brooklyn"
2007,3,3,4.97,"Beethoven Exorcist"
2007,3,3,4.97,"Legend Jedi"
2007,2,3,2.97,"Patient Sister"
2007,4,3,2.97,"Freedom Cleopatra"
2007,3,3,3.97,"Clockwork Paradise"
2007,3,3,6.97,"Ladybugs Armageddon"
2007,3,3,15.97,"Stranger Strangers"
2007,2,3,4.97,"Christmas Moonshine"
2007,4,3,9.97,"Papi Necklace"
2007,3,3,14.97,"Sensibility Rear"
2007,2,3,18.97,"French Holiday"
2007,2,3,3.97,"Music Boondock"
2007,3,3,15.97,"Destination Jerk"
2007,2,3,2.97,"Kane Exorcist"
2007,4,3,18.97,"Elf Murder"
2007,3,3,19.97,"Early Home"
2007,2,3,23.97,"Saturday Lambs"
2007,4,3,11.97,"Phantom Glory"
2007,2,3,10.97,"Clones Pinocchio"
2007,2,3,10.97,"Clash Freddy"
2007,4,3,19.97,"Madigan Dorado"
2007,4,3,2.97,"Stallion Sundance"
2007,4,3,8.97,"Mighty Luck"
2007,2,3,2.97,"Mars Roman"
2007,3,3,6.97,"Loverboy Attacks"
2007,2,3,18.97,"Beauty Grease"
2007,4,3,17.97,"Terminator Club"
2007,3,3,8.97,"Braveheart Human"
2007,2,3,4.97,"Army Flintstones"
2007,4,3,14.97,"Vertigo Northwest"
2007,3,3,23.97,"Elephant Trojan"
2007,4,3,3.97,"Ghostbusters Elf"
2007,2,3,20.97,"Shawshank Bubble"
2007,2,3,13.97,"Arachnophobia Rollercoaster"
2007,2,3,14.97,"Hanover Galaxy"
2007,4,3,16.97,"Graceland Dynamite"
2007,3,3,8.97,"Lucky Flying"
2007,2,3,16.97,"Holiday Games"
2007,2,3,9.97,"Orange Grapes"
2007,2,3,10.97,"Angels Life"
2007,3,3,15.97,"Vanilla Day"
2007,2,3,5.97,"Stampede Disturbing"
2007,4,3,20.97,"Run Pacific"
2007,3,3,20.97,"Bubble Grosse"
2007,2,3,23.97,"Bright Encounters"
2007,3,3,3.97,"Victory Academy"
2007,4,3,13.97,"Bunch Minds"
2007,3,3,4.97,"Savannah Town"
2007,2,3,17.97,"Airport Pollock"
2007,3,3,18.97,"Bugsy Song"
2007,2,3,15.97,"Hysterical Grail"
2007,4,3,10.97,"Godfather Diary"
2007,4,3,17.97,"Cincinatti Whisperer"
2007,3,3,18.97,"Lambs Cincinatti"
2007,2,3,8.97,"Doom Dancing"
2007,3,3,6.97,"Soup Wisdom"
2007,2,3,4.97,"Empire Malkovich"
2007,2,3,15.97,"Flatliners Killer"
2007,3,3,2.97,"Oklahoma Jumanji"
2007,4,3,2.97,"Runner Madigan"
2007,3,3,20.97,"Bird Independence"
2007,2,3,12.97,"Telemark Heartbreakers"
2007,2,3,8.97,"Greek Everyone"
2007,2,3,20.97,"Trap Guys"
2007,4,3,8.97,"Vanished Garden"
2007,3,3,18.97,"Smile Earring"
2007,3,3,11.97,"Mulan Moon"
2007,2,3,18.97,"Candles Grapes"
2007,2,3,3.97,"Gun Bonnie"
2007,3,3,14.97,"Platoon Instinct"
2007,2,3,14.97,"Excitement Eve"
2007,3,3,21.97,"Jersey Sassy"
2007,2,3,4.97,"Earth Vision"
2007,3,3,19.97,"Train Bunch"
2007,2,3,16.97,"Home Pity"
2007,4,3,3.97,"Sling Luke"
2007,2,3,3.97,"Taxi Kick"
2007,2,3,11.97,"Sleepy Japanese"
2007,2,3,8.97,"Amistad Midsummer"
2007,2,3,3.97,"Alamo Videotape"
2007,2,3,14.97,"Dying Maker"
2007,2,3,10.97,"Fantasy Troopers"
2007,2,3,3.97,"Volcano Texas"
2007,4,3,2.97,"Treatment Jekyll"
2007,4,3,17.97,"Crusade Honey"
2007,4,3,2.97,"Valentine Vanishing"
2007,2,3,9.97,"Mask Peach"
2007,4,3,24.97,"Magnificent Chitty"
2007,2,3,21.97,"Moonshine Cabin"
2007,3,3,10.97,"Life Twisted"
2007,2,3,23.97,"Teen Apollo"
2007,3,3,18.97,"Opus Ice"
2007,3,3,3.97,"Ballroom Mockingbird"
2007,2,3,3.97,"Academy Dinosaur"
2007,3,3,18.97,"Frisco Forrest"
2007,2,3,20.97,"Titanic Boondock"
2007,2,3,10.97,"Northwest Polish"
2007,3,3,11.97,"Wars Pluto"
2007,2,3,18.97,"Vacation Boondock"
2007,4,3,14.97,"Apocalypse Flamingos"
2007,2,3,10.97,"Shrek License"
2007,2,3,14.97,"Lawless Vision"
2007,2,3,6.97,"Sun Confessions"
2007,2,3,26.97,"West Lion"
2007,3,3,9.97,"Menagerie Rushmore"
2007,3,3,17.97,"Eve Resurrection"
2007,3,3,20.97,"Graceland Dynamite"
2007,2,3,5.97,"Pianist Outfield"
2007,2,3,16.97,"Freddy Storm"
2007,3,3,14.97,"Stone Fire"
2007,3,3,2.97,"Texas Watch"
2007,3,3,13.97,"Theory Mermaid"
2007,2,3,5.97,"Shootist Superfly"
2007,3,3,18.97,"School Jacket"
2007,2,3,12.97,"Half Outfield"
2007,2,3,14.97,"Million Ace"
2007,2,3,16.97,"Trip Newton"
2007,3,3,12.97,"Chitty Lock"
2007,2,3,18.97,"Searchers Wait"
2007,2,3,14.97,"Quest Mussolini"
2007,3,3,17.97,"Monsoon Cause"
2007,4,3,9.97,"Rushmore Mermaid"
2007,3,3,16.97,"Control Anthem"
2007,4,3,15.97,"Lesson Cleopatra"
2007,3,3,10.97,"Pizza Jumanji"
2007,2,3,12.97,"Barefoot Manchurian"
2007,3,3,16.97,"Papi Necklace"
2007,3,3,14.97,"Hotel Happiness"
2007,3,3,14.97,"Matrix Snowman"
2007,2,3,20.97,"Something Duck"
2007,2,3,16.97,"Brooklyn Desert"
2007,3,3,2.97,"Jawbreaker Brooklyn"
2007,2,3,10.97,"Trouble Date"
2007,4,3,9.97,"Killer Innocent"
2007,3,3,11.97,"African Egg"
2007,3,3,14.97,"Trainspotting Strangers"
2007,2,3,3.97,"Cheaper Clyde"
2007,4,3,16.97,"Mannequin Worst"
2007,4,3,2.97,"Vision Torque"
2007,3,3,14.97,"Baby Hall"
2007,2,3,16.97,"Lies Treatment"
2007,3,3,14.97,"Untouchables Sunrise"
2007,2,3,5.97,"Rear Trading"
2007,3,3,2.97,"Hawk Chill"
2007,2,3,3.97,"Gables Metropolis"
2007,4,3,18.97,"Life Twisted"
2007,2,3,9.97,"Lock Rear"
2007,2,3,10.97,"Scissorhands Slums"
2007,3,3,17.97,"Magnificent Chitty"
2007,2,3,9.97,"Snowman Rollercoaster"
2007,2,3,15.97,"Spice Sorority"
2007,3,3,24.97,"Guys Falcon"
2007,3,3,6.97,"Dumbo Lust"
2007,2,3,8.97,"Kick Savannah"
2007,2,3,4.97,"Fury Murder"
2007,4,3,10.97,"Mixed Doors"
2007,3,3,10.97,"Dares Pluto"
2007,2,3,7.97,"Pacific Amistad"
2007,4,3,8.97,"Hunting Musketeers"
2007,2,3,11.97,"Arizona Bang"
2007,3,3,8.97,"Diary Panic"
2007,2,3,19.97,"Agent Truman"
2007,2,3,9.97,"Malkovich Pet"
2007,2,3,18.97,"Gold River"
2007,2,3,10.97,"House Dynamite"
2007,3,3,8.97,"Uptown Young"
2007,2,3,8.97,"Hurricane Affair"
2007,4,3,8.97,"Prix Undefeated"
2007,4,3,17.97,"Doctor Grail"
2007,2,3,13.97,"Comforts Rush"
2007,2,3,18.97,"Innocent Usual"
2007,4,3,6.97,"Comancheros Enemy"
2007,2,3,7.97,"Dancing Fever"
2007,2,3,8.97,"Ice Crossing"
2007,2,3,17.97,"Expecations Natural"
2007,3,3,16.97,"Casualties Encino"
2007,2,3,18.97,"Cause Date"
2007,3,3,14.97,"Drop Waterfront"
2007,2,3,18.97,"Ferris Mother"
2007,2,3,6.97,"Tramp Others"
2007,2,3,9.97,"Lebowski Soldiers"
2007,2,3,14.97,"Flying Hook"
2007,3,3,25.97,"Autumn Crow"
2007,3,3,10.97,"Wagon Jaws"
2007,2,3,8.97,"Insider Arizona"
2007,4,3,12.97,"Lolita World"
2007,4,3,8.97,"Bang Kwai"
2007,4,3,8.97,"Dolls Rage"
2007,2,3,15.97,"Coneheads Smoochy"
2007,2,3,9.97,"Virginian Pluto"
2007,4,3,16.97,"Eve Resurrection"
2007,4,3,4.97,"Simon North"
2007,4,3,14.97,"Miracle Virtual"
2007,2,3,2.97,"Bonnie Holocaust"
2007,2,3,24.97,"Range Moonwalker"
2007,2,3,2.97,"Alter Victory"
2007,4,3,18.97,"Liberty Magnificent"
2007,2,3,9.97,"Invasion Cyclone"
2007,4,3,3.97,"Soup Wisdom"
2007,4,3,21.97,"Caribbean Liberty"
2007,2,3,18.97,"Yentl Idaho"
2007,4,3,17.97,"Grosse Wonderful"
2007,2,3,11.97,"Hunting Musketeers"
2007,2,3,4.97,"Factory Dragon"
2007,4,3,19.97,"Baby Hall"
2007,3,3,14.97,"Hoosiers Birdcage"
2007,3,3,17.97,"Sweet Brotherhood"
2007,3,3,13.97,"Simon North"
2007,2,3,20.97,"Werewolf Lola"
2007,2,3,16.97,"Horror Reign"
2007,2,3,9.97,"Novocaine Flight"
2007,3,3,14.97,"Lord Arizona"
2007,2,3,7.97,"Club Graffiti"
2007,4,3,2.97,"Texas Watch"
2007,2,3,10.97,"Analyze Hoosiers"
2007,2,3,14.97,"Jason Trap"
2007,3,3,16.97,"Hanover Galaxy"
2007,2,3,14.97,"Driving Polish"
2007,2,3,11.97,"Newton Labyrinth"
2007,4,3,17.97,"Informer Double"
2007,2,3,17.97,"Devil Desire"
2007,2,3,15.97,"Hanging Deep"
2007,2,3,17.97,"Roses Treasure"
2007,2,3,10.97,"Alien Center"
2007,2,3,16.97,"Pickup Driving"
2007,2,3,11.97,"Divine Resurrection"
2007,2,3,12.97,"Noon Papi"
2007,3,3,2.97,"Cruelty Unforgiven"
2007,2,3,13.97,"Reunion Witches"
2007,4,3,24.97,"Ishtar Rocketeer"
2007,3,3,4.97,"Harold French"
2007,2,3,11.97,"Fantasia Park"
2007,3,3,12.97,"Duck Racer"
2007,4,3,11.97,"Happiness United"
2007,3,3,21.97,"Clerks Angels"
2007,3,3,8.97,"Glory Tracy"
2007,3,3,8.97,"Mussolini Spoilers"
2007,4,3,8.97,"Full Flatliners"
2007,3,3,18.97,"Nuts Ties"
2007,4,3,8.97,"Gathering Calendar"
2007,2,3,7.97,"Minority Kiss"
2007,4,3,4.97,"Frogmen Breaking"
2007,3,3,8.97,"Chaplin License"
2007,4,3,11.97,"Divorce Shining"
2007,2,3,2.97,"Love Suicides"
2007,2,3,4.97,"Encino Elf"
2007,2,3,15.97,"Peak Forever"
2007,2,3,13.97,"Metropolis Coma"
2007,3,3,20.97,"Gosford Donnie"
2007,2,3,6.97,"Majestic Floats"
2007,4,3,15.97,"Platoon Instinct"
2007,4,3,14.97,"Brannigan Sunrise"
2007,2,3,9.97,"Married Go"
2007,2,3,9.97,"Artist Coldblooded"
2007,2,3,14.97,"Darn Forrester"
2007,2,3,5.97,"Chill Luck"
2007,2,3,12.97,"Wait Cider"
2007,4,3,2.97,"Oklahoma Jumanji"
2007,2,3,8.97,"Operation Operation"
2007,3,3,14.97,"Daddy Pittsburgh"
2007,3,3,16.97,"Saints Bride"
2007,3,3,20.97,"Fever Empire"
2007,4,3,17.97,"Jersey Sassy"
2007,3,3,3.97,"Ghostbusters Elf"
2007,2,3,8.97,"Divide Monster"
2007,2,3,2.97,"Vietnam Smoochy"
2007,3,3,9.97,"Wisdom Worker"
2007,2,3,7.97,"Splash Gump"
2007,3,3,18.97,"Speed Suit"
2007,2,3,15.97,"Bingo Talented"
2007,4,3,8.97,"Diary Panic"
2007,4,3,10.97,"Extraordinary Conquerer"
2007,4,3,4.97,"Ballroom Mockingbird"
2007,3,3,14.97,"Anthem Luke"
2007,2,3,4.97,"Groove Fiction"
2007,2,3,14.97,"Gorgeous Bingo"
2007,2,3,3.97,"Slums Duck"
2007,2,3,19.97,"Sweden Shining"
2007,2,3,14.97,"Sleeping Suspects"
2007,2,3,2.97,"Unforgiven Zoolander"
2007,4,3,2.97,"Zhivago Core"
2007,2,3,4.97,"Outbreak Divine"
2007,3,3,6.97,"Impact Aladdin"
2007,2,3,10.97,"Seabiscuit Punk"
2007,2,3,2.97,"Canyon Stock"
2007,2,3,2.97,"Jedi Beneath"
2007,4,3,6.97,"Dumbo Lust"
2007,4,3,8.97,"Cranes Reservoir"
2007,4,3,14.97,"Bed Highball"
2007,3,3,18.97,"Amelie Hellfighters"
2007,2,3,3.97,"Jungle Closer"
2007,4,3,7.97,"Impact Aladdin"
2007,3,3,14.97,"Dozen Lion"
2007,4,3,9.97,"Mulholland Beast"
2007,4,3,8.97,"Wild Apollo"
2007,3,3,18.97,"Crusade Honey"
2007,2,3,6.97,"Kwai Homeward"
2007,2,3,3.97,"Hours Rage"
2007,2,3,8.97,"Instinct Airport"
2007,3,3,20.97,"Fiddler Lost"
2007,3,3,8.97,"License Weekend"
2007,2,3,2.97,"Chainsaw Uptown"
2007,4,3,15.97,"Matrix Snowman"
2007,2,3,9.97,"Grapes Fury"
2007,3,3,4.97,"Japanese Run"
2007,2,3,8.97,"Varsity Trip"
2007,2,3,17.97,"Loser Hustler"
2007,4,3,10.97,"Untouchables Sunrise"
2007,2,3,4.97,"Dracula Crystal"
2007,2,3,21.97,"Flintstones Happiness"
2007,4,3,8.97,"Hedwig Alter"
2007,3,3,14.97,"Traffic Hobbit"
2007,2,3,3.97,"Blade Polish"
2007,2,3,5.97,"Harper Dying"
2007,3,3,12.97,"Luke Mummy"
2007,3,3,12.97,"Speakeasy Date"
2007,2,3,7.97,"Natural Stock"
2007,4,3,12.97,"Luke Mummy"
2007,4,3,15.97,"Tequila Past"
2007,4,3,14.97,"Frontier Cabin"
2007,2,3,6.97,"Strangelove Desire"
2007,4,3,9.97,"Reservoir Adaptation"
2007,2,3,4.97,"Siege Madre"
2007,2,3,4.97,"Cleopatra Devil"
2007,3,3,16.97,"Tequila Past"
2007,2,3,6.97,"Roxanne Rebel"
2007,2,3,19.97,"Waterfront Deliverance"
2007,3,3,10.97,"Miracle Virtual"
2007,2,3,17.97,"Steel Santa"
2007,3,3,5.97,"Oleander Clue"
2007,2,3,22.97,"Mission Zoolander"
2007,2,3,8.97,"Monster Spartacus"
2007,2,3,17.97,"Steers Armageddon"
2007,3,3,17.97,"Kramer Chocolate"
2007,3,3,6.97,"Drumline Cyclone"
2007,3,3,9.97,"Bed Highball"
2007,2,3,12.97,"Blues Instinct"
2007,3,3,2.97,"Kane Exorcist"
2007,3,3,7.97,"Youth Kick"
2007,2,3,24.97,"Suit Walls"
2007,3,3,20.97,"Vampire Whale"
2007,2,2,10.98,"Flight Lies"
2007,3,2,12.98,"Italian African"
2007,2,2,10.98,"Undefeated Dalmations"
2007,3,2,8.98,"Warlock Werewolf"
2007,2,2,11.98,"Confused Candles"
2007,2,2,9.98,"Anthem Luke"
2007,4,2,5.98,"Unfaithful Kill"
2007,3,2,8.98,"Bulworth Commandments"
2007,5,2,16.95,"Lust Lock"
2007,3,2,11.98,"President Bang"
2007,2,2,3.98,"Deceiver Betrayed"
2007,2,2,9.98,"State Wasteland"
2007,2,2,5.98,"Gangs Pride"
2007,4,2,9.98,"Daughter Madigan"
2007,2,2,14.98,"Head Stranger"
2007,3,2,10.98,"Punk Divorce"
2007,2,2,7.98,"Life Twisted"
2007,2,2,7.98,"Town Ark"
2007,2,2,1.98,"Arabia Dogma"
2007,3,2,9.98,"Hollow Jeopardy"
2007,2,2,6.98,"Lost Bird"
2007,2,2,12.98,"Jingle Sagebrush"
2007,3,2,7.98,"Leathernecks Dwarfs"
2007,3,2,11.98,"Clue Grail"
2007,3,2,2.98,"Sunset Racer"
2007,2,2,15.98,"Doors President"
2007,2,2,4.98,"Drumline Cyclone"
2007,4,2,10.98,"Dozen Lion"
2007,3,2,12.98,"Frontier Cabin"
2007,3,2,5.98,"Doctor Grail"
2007,2,2,9.98,"Downhill Enough"
2007,5,2,5.98,"Intentions Empire"
2007,3,2,8.98,"Extraordinary Conquerer"
2007,3,2,1.98,"Young Language"
2007,4,2,2.98,"Watership Frontier"
2007,5,2,10.97,"Sons Interview"
2007,4,2,2.98,"Cruelty Unforgiven"
2007,2,2,6.98,"Patton Interview"
2007,2,2,7.98,"Grail Frankenstein"
2007,2,2,4.98,"Holocaust Highball"
2007,3,2,5.98,"Luck Opus"
2007,2,2,3.98,"Necklace Outbreak"
2007,2,2,8.98,"Stage World"
2007,2,2,3.98,"Valentine Vanishing"
2007,3,2,9.98,"Divorce Shining"
2007,2,2,8.98,"Dalmations Sweden"
2007,2,2,12.98,"Attacks Hate"
2007,2,2,5.98,"Cider Desire"
2007,2,2,9.98,"Casablanca Super"
2007,2,2,15.98,"Betrayed Rear"
2007,3,2,2.98,"Blood Argonauts"
2007,3,2,5.98,"Desire Alien"
2007,2,2,7.98,"Forrest Sons"
2007,3,2,4.98,"Holy Tadpole"
2007,2,2,6.98,"Mulan Moon"
2007,2,2,10.98,"Madison Trap"
2007,4,2,5.98,"Menagerie Rushmore"
2007,2,2,5.98,"Cyclone Family"
2007,3,2,1.98,"Newsies Story"
2007,2,2,4.98,"Beethoven Exorcist"
2007,2,2,8.98,"Express Lonely"
2007,2,2,5.98,"Wonka Sea"
2007,3,2,7.98,"Song Hedwig"
2007,2,2,2.98,"Rings Heartbreakers"
2007,2,2,2.98,"Wrath Mile"
2007,2,2,17.98,"Pittsburgh Hunchback"
2007,2,2,6.98,"Double Wrath"
2007,2,2,11.98,"Chasing Fight"
2007,2,2,6.98,"Rock Instinct"
2007,2,2,3.98,"Cabin Flash"
2007,2,2,5.98,"Heaven Freedom"
2007,2,2,2.98,"Midnight Westward"
2007,4,2,15.98,"Clerks Angels"
2007,2,2,6.98,"Shakespeare Saddle"
2007,2,2,12.98,"Streetcar Intentions"
2007,2,2,2.98,"Translation Summer"
2007,2,2,9.98,"Matrix Snowman"
2007,2,2,2.98,"Stone Fire"
2007,2,2,9.98,"Galaxy Sweethearts"
2007,2,2,1.98,"Bull Shawshank"
2007,2,2,10.98,"Entrapment Satisfaction"
2007,2,2,11.98,"Magnificent Chitty"
2007,2,2,9.98,"Peach Innocent"
2007,2,2,9.98,"Deep Crusade"
2007,2,2,6.98,"Rouge Squad"
2007,2,2,14.98,"Rage Games"
2007,2,2,9.98,"King Evolution"
2007,2,2,10.98,"Falcon Volume"
2007,5,2,2.97,"Club Graffiti"
2007,4,2,5.98,"Glory Tracy"
2007,2,2,2.98,"Straight Hours"
2007,2,2,5.98,"Curtain Videotape"
2007,2,2,4.98,"River Outlaw"
2007,2,2,16.98,"Creepers Kane"
2007,2,2,9.98,"Quills Bull"
2007,4,2,6.98,"Mussolini Spoilers"
2007,3,2,4.98,"Vision Torque"
2007,2,2,9.98,"Games Bowfinger"
2007,3,2,5.98,"Sling Luke"
2007,2,2,7.98,"Sundance Invasion"
2007,2,2,7.98,"Uncut Suicides"
2007,4,2,10.98,"Anything Savannah"
2007,2,2,12.98,"Opus Ice"
2007,2,2,1.98,"Masked Bubble"
2007,3,2,11.98,"Soldiers Evolution"
2007,2,2,17.98,"Dude Blindness"
2007,2,2,8.98,"Gone Trouble"
2007,2,2,5.98,"Identity Lover"
2007,2,2,9.98,"Super Wyoming"
2007,3,2,11.98,"Desperate Trainspotting"
2007,2,2,11.98,"Destiny Saturday"
2007,2,2,9.98,"Speed Suit"
2007,3,2,1.98,"Duffel Apocalypse"
2007,2,2,9.98,"Alley Evolution"
2007,3,2,1.98,"Rebel Airport"
2007,2,2,11.98,"Trojan Tomorrow"
2007,2,2,9.98,"October Submarine"
2007,2,2,9.98,"Confidential Interview"
2007,2,2,9.98,"Legally Secretary"
2007,2,2,9.98,"Model Fish"
2007,2,2,1.98,"Voice Peach"
2007,2,2,1.98,"Smoking Barbarella"
2007,5,2,5.98,"Titanic Boondock"
2007,3,2,10.98,"Elf Murder"
2007,2,2,9.98,"Inch Jet"
2007,2,2,7.98,"Purple Movie"
2007,2,2,9.98,"Hollow Jeopardy"
2007,3,2,1.98,"Lights Deer"
2007,2,2,4.98,"Modern Dorado"
2007,2,2,9.98,"Wyoming Storm"
2007,2,2,8.98,"Mile Mulan"
2007,2,2,4.98,"Motions Details"
2007,2,2,7.98,"Everyone Craft"
2007,2,2,12.98,"Chamber Italian"
2007,2,2,9.98,"Beast Hunchback"
2007,2,2,5.98,"Ship Wonderland"
2007,2,2,5.98,"Pond Seattle"
2007,2,2,2.98,"United Pilot"
2007,2,2,10.98,"Mermaid Insects"
2007,2,2,9.98,"Maltese Hope"
2007,5,2,1.98,"Creatures Shakespeare"
2007,2,2,11.98,"Edge Kissing"
2007,3,2,8.98,"Cassidy Wyoming"
2007,2,2,9.98,"Wonderful Drop"
2007,3,2,10.98,"Window Side"
2007,2,2,9.98,"Requiem Tycoon"
2007,5,2,9.98,"Doors President"
2007,2,2,5.98,"Jumanji Blade"
2007,2,2,14.98,"Secrets Paradise"
2007,3,2,9.98,"Legally Secretary"
2007,2,2,9.98,"Flamingos Connecticut"
2007,2,2,1.98,"Watch Tracy"
2007,3,2,2.98,"Freedom Cleopatra"
2007,2,2,7.98,"Beach Heartbreakers"
2007,2,2,10.98,"Amelie Hellfighters"
2007,3,2,5.98,"Rushmore Mermaid"
2007,2,2,2.98,"Splendor Patton"
2007,2,2,2.98,"Louisiana Harry"
2007,2,2,4.98,"Song Hedwig"
2007,2,2,4.98,"Slipper Fidelity"
2007,2,2,7.98,"World Leathernecks"
2007,3,2,7.98,"Killer Innocent"
2007,4,2,6.98,"Gone Trouble"
2007,4,2,9.98,"Traffic Hobbit"
2007,2,2,11.98,"Nightmare Chill"
2007,2,2,10.98,"Saturn Name"
2007,3,2,7.98,"Happiness United"
2007,2,2,9.98,"Submarine Bed"
2007,2,2,4.98,"Lion Uncut"
2007,4,2,7.98,"Duck Racer"
2007,2,2,12.98,"Creatures Shakespeare"
2007,2,2,9.98,"Darling Breaking"
2007,2,2,6.98,"Diary Panic"
2007,2,2,4.98,"Caddyshack Jedi"
2007,2,2,10.98,"Karate Moon"
2007,3,2,12.98,"Ishtar Rocketeer"
2007,3,2,2.98,"Stallion Sundance"
2007,4,2,4.98,"Hawk Chill"
2007,2,2,5.98,"Hamlet Wisdom"
2007,2,2,1.98,"Citizen Shrek"
2007,2,2,10.98,"Massage Image"
2007,2,2,7.98,"Labyrinth League"
2007,3,2,5.98,"Tarzan Videotape"
2007,2,2,6.98,"Pajama Jawbreaker"
2007,2,2,6.98,"Insects Stone"
2007,4,2,5.98,"License Weekend"
2007,2,2,4.98,"Alone Trip"
2007,2,2,5.98,"Bill Others"
2007,2,2,1.98,"Swarm Gold"
2007,2,2,6.98,"Reap Unfaithful"
2007,2,2,5.98,"Spiking Element"
2007,2,2,1.98,"Joon Northwest"
2007,3,2,1.98,"Treatment Jekyll"
2007,2,2,5.98,"Shane Darkness"
2007,3,2,7.98,"Conspiracy Spirit"
2007,3,2,3.98,"Zhivago Core"
2007,3,2,5.98,"Antitrust Tomatoes"
2007,2,2,1.98,"Illusion Amelie"
2007,2,2,5.98,"Enough Raging"
2007,5,2,4.97,"Family Sweet"
2007,2,2,13.98,"Pity Bound"
2007,2,2,3.98,"Streak Ridgemont"
2007,2,2,6.98,"Circus Youth"
2007,3,2,1.98,"Magic Mallrats"
2007,2,2,5.98,"Remember Diary"
2007,4,2,5.98,"Ladybugs Armageddon"
2007,2,2,5.98,"Affair Prejudice"
2007,4,2,1.98,"Japanese Run"
2007,4,2,4.98,"Youth Kick"
2007,2,2,12.98,"Desert Poseidon"
2007,2,2,4.98,"Ending Crowds"
2007,2,2,10.98,"Coldblooded Darling"
2007,2,2,1.98,"Outfield Massacre"
2007,2,2,11.98,"Daddy Pittsburgh"
2007,2,2,6.98,"Jeopardy Encino"
2007,2,2,6.98,"Patriot Roman"
2007,2,2,1.98,"Bedazzled Married"
2007,2,2,5.98,"Gilmore Boiled"
2007,2,2,9.98,"South Wait"
2007,3,2,5.98,"Hardly Robbers"
2007,3,2,9.98,"Opposite Necklace"
2007,2,2,13.98,"Torque Bound"
2007,2,2,7.98,"Desire Alien"
2007,2,2,5.98,"Window Side"
2007,2,2,10.98,"Virgin Daisy"
2007,3,2,5.98,"Mulholland Beast"
2007,5,2,1.98,"Gunfight Moon"
2007,3,2,11.98,"Bunch Minds"
2007,2,2,5.98,"Santa Paris"
2007,2,2,9.98,"Dwarfs Alter"
2007,3,2,8.98,"Wonderful Drop"
2007,3,2,9.98,"Informer Double"
2007,2,2,10.98,"Egypt Tenenbaums"
2007,2,2,12.98,"Heavyweights Beast"
2007,5,2,2.99,"Half Outfield"
2007,3,2,6.98,"Mannequin Worst"
2007,2,2,9.98,"Pilot Hoosiers"
2007,2,2,3.98,"Greedy Roots"
2007,2,2,12.98,"Snatch Slipper"
2007,2,2,3.98,"Drums Dynamite"
2007,2,2,8.98,"Dances None"
2007,3,2,4.98,"Minority Kiss"
2007,2,2,4.98,"Mystic Truman"
2007,4,2,13.98,"Casper Dragonfly"
2007,2,2,8.98,"Tarzan Videotape"
2007,2,2,10.98,"Willow Tracy"
2007,2,2,10.98,"Hotel Happiness"
2007,2,2,5.98,"Driver Annie"
2007,2,2,1.98,"Loverboy Attacks"
2007,3,2,6.98,"Halloween Nuts"
2007,2,2,14.98,"Sabrina Midnight"
2007,2,2,10.98,"Breakfast Goldfinger"
2007,2,2,19.98,"Virtual Spoilers"
2007,2,2,10.98,"Orient Closer"
2007,2,2,11.98,"Vanishing Rocky"
2007,2,2,12.98,"Rules Human"
2007,2,2,9.98,"Holes Brannigan"
2007,2,2,10.98,"Worst Banger"
2007,2,2,16.98,"Whisperer Giant"
2007,2,2,3.98,"Grease Youth"
2007,2,2,8.98,"Mockingbird Hollywood"
2007,2,2,6.98,"Fish Opus"
2007,2,2,13.98,"Conquerer Nuts"
2007,2,2,5.98,"Encounters Curtain"
2007,2,2,5.98,"Basic Easy"
2007,3,2,7.98,"Full Flatliners"
2007,2,2,9.98,"Boiled Dares"
2007,2,2,3.98,"Impact Aladdin"
2007,2,2,5.98,"Goldfinger Sensibility"
2007,2,2,5.98,"Wrong Behavior"
2007,2,2,2.98,"Hook Chariots"
2007,3,2,9.98,"Apocalypse Flamingos"
2007,2,2,1.98,"Congeniality Quest"
2007,3,2,12.98,"Darling Breaking"
2007,2,2,13.98,"Hunchback Impossible"
2007,2,2,5.98,"Atlantis Cause"
2007,3,2,11.98,"Cowboy Doom"
2007,2,2,11.98,"Impossible Prejudice"
2007,3,2,6.98,"Phantom Glory"
2007,2,2,6.98,"Eyes Driving"
2007,2,2,5.98,"Perfect Groove"
2007,4,2,10.98,"Pizza Jumanji"
2007,2,2,5.98,"Sweet Brotherhood"
2007,3,2,11.98,"Private Drop"
2007,2,2,9.98,"Platoon Instinct"
2007,2,2,5.98,"Freaky Pocus"
2007,2,2,19.98,"Satisfaction Confidential"
2007,2,2,5.98,"Armageddon Lost"
2007,2,2,9.98,"Sleepless Monsoon"
2007,2,2,9.98,"Wonderland Christmas"
2007,3,2,12.98,"Records Zorro"
2007,2,2,11.98,"Jericho Mulan"
2007,2,2,16.98,"American Circus"
2007,2,2,9.98,"Blindness Gun"
2007,4,2,9.98,"Control Anthem"
2007,4,2,11.98,"Fire Wolves"
2007,2,2,12.98,"Secretary Rouge"
2007,2,2,6.98,"Glass Dying"
2007,3,2,1.98,"Runaway Tenenbaums"
2007,2,2,3.98,"Chocolat Harry"
2007,2,2,1.98,"Silence Kane"
2007,3,2,10.98,"Intolerable Intentions"
2007,2,2,11.98,"Reign Gentlemen"
2007,2,2,5.98,"Deer Virginian"
2007,2,2,5.98,"Disciple Mother"
2007,2,2,8.98,"African Egg"
2007,2,2,12.98,"Poseidon Forever"
2007,3,2,12.98,"Reds Pocus"
2007,2,2,13.98,"Elephant Trojan"
2007,2,2,16.98,"Strangers Graffiti"
2007,2,2,13.98,"Wizard Coldblooded"
2007,2,2,5.98,"Independence Hotel"
2007,3,2,1.98,"Comancheros Enemy"
2007,2,2,1.98,"Gandhi Kwai"
2007,2,2,12.98,"Paycheck Wait"
2007,2,2,5.98,"Saddle Antitrust"
2007,3,2,6.98,"Bang Kwai"
2007,2,2,2.98,"Notorious Reunion"
2007,2,2,9.98,"Fireball Philadelphia"
2007,2,2,9.98,"Hustler Party"
2007,3,2,14.98,"Park Citizen"
2007,2,2,5.98,"Hedwig Alter"
2007,2,2,2.98,"Hunger Roof"
2007,2,2,4.98,"Oleander Clue"
2007,2,2,2.98,"Anonymous Human"
2007,2,2,14.98,"Pluto Oleander"
2007,4,2,14.98,"Ace Goldfinger"
2007,2,2,1.98,"Spirit Flintstones"
2007,3,2,4.98,"Vanished Garden"
2007,3,2,4.98,"Lesson Cleopatra"
2007,2,2,7.98,"Madre Gables"
2007,3,2,9.98,"Sense Greek"
2007,2,2,13.98,"League Hellfighters"
2007,2,2,1.98,"Odds Boogie"
2007,2,2,9.98,"Madigan Dorado"
2007,2,2,8.98,"Sea Virgin"
2007,2,2,11.98,"Anything Savannah"
2007,2,2,11.98,"Reds Pocus"
2007,5,2,5.98,"Shock Cabin"
2007,2,2,14.98,"Eagles Panky"
2007,3,2,5.98,"Jumanji Blade"
2007,2,2,10.98,"Lonely Elephant"
2007,2,2,5.98,"Sinners Atlantis"
2007,2,2,5.98,"Speakeasy Date"
2007,2,2,1.98,"Personal Ladybugs"
2007,2,2,13.98,"Bilko Anonymous"
2007,2,2,11.98,"Bikini Borrowers"
2007,5,2,9.98,"Suit Walls"
2007,2,2,13.98,"Heartbreakers Bright"
2007,3,2,3.98,"Maude Mod"
2007,2,2,9.98,"Opposite Necklace"
2007,5,2,1.98,"Dances None"
2007,2,2,15.98,"Charade Duffel"
2007,2,2,1.98,"Pride Alamo"
2007,2,2,6.98,"Gentlemen Stage"
2007,2,2,12.98,"Vampire Whale"
2007,3,2,11.98,"Elizabeth Shane"
2007,3,2,9.98,"King Evolution"
2007,2,2,1.98,"Donnie Alley"
2007,2,2,5.98,"Hellfighters Sierra"
2007,4,2,11.98,"Early Home"
2007,2,2,9.98,"Dorado Notting"
2007,2,2,9.98,"Daisy Menagerie"
2007,2,2,17.98,"Connecticut Tramp"
2007,2,2,1.98,"Bound Cheaper"
2007,2,2,12.98,"Airplane Sierra"
2007,2,2,15.98,"Miracle Virtual"
2007,4,2,10.98,"Hunter Alter"
2007,4,2,7.98,"Braveheart Human"
2007,2,2,1.98,"Sierra Divide"
2007,4,2,12.98,"Fever Empire"
2007,2,2,9.98,"Chicago North"
2007,3,2,9.98,"Panic Club"
2007,2,2,8.98,"Halloween Nuts"
2007,2,2,11.98,"Words Hunter"
2007,2,2,4.98,"Robbery Bright"
2007,4,2,11.98,"School Jacket"
2007,3,2,11.98,"Seven Swarm"
2007,2,2,8.98,"Potter Connecticut"
2007,4,2,9.98,"Hardly Robbers"
2007,2,2,17.98,"Pinocchio Simon"
2007,2,2,17.98,"Autumn Crow"
2007,2,2,1.98,"Craft Outfield"
2007,3,2,5.98,"Shrek License"
2007,2,2,6.98,"Holy Tadpole"
2007,2,2,12.98,"Wanda Chamber"
2007,2,2,5.98,"Prix Undefeated"
2007,3,2,3.98,"Mystic Truman"
2007,5,2,5.98,"Insider Arizona"
2007,2,2,12.98,"Kiss Glory"
2007,5,1,2.99,"Baked Cleopatra"
2007,3,1,8.99,"Grail Frankenstein"
2007,5,1,4.99,"Wanda Chamber"
2007,2,1,2.99,"Untouchables Sunrise"
2007,2,1,2.99,"Boulevard Mob"
2007,2,1,7.99,"Fire Wolves"
2007,5,1,0.99,"Encino Elf"
2007,2,1,7.99,"Lover Truman"
2007,2,1,4.99,"Fiction Christmas"
2007,2,1,0.99,"Lights Deer"
2007,5,1,4.99,"Lady Stage"
2007,2,1,8.99,"Memento Zoolander"
2007,2,1,2.99,"Mighty Luck"
2007,2,1,6.99,"Panky Submarine"
2007,2,1,5.99,"Conversation Downhill"
2007,5,1,2.99,"Varsity Trip"
2007,5,1,4.99,"Haunted Antitrust"
2007,2,1,0.99,"Montezuma Command"
2007,2,1,0.99,"Japanese Run"
2007,5,1,0.99,"Pride Alamo"
2007,5,1,4.99,"Sleepless Monsoon"
2007,5,1,0.99,"Ridgemont Submarine"
2007,5,1,0.99,"Canyon Stock"
2007,2,1,3.99,"Lord Arizona"
2007,2,1,4.99,"Bulworth Commandments"
2007,2,1,4.99,"Soldiers Evolution"
2007,2,1,6.99,"Antitrust Tomatoes"
2007,2,1,4.99,"Fugitive Maguire"
2007,5,1,4.99,"Outlaw Hanky"
2007,2,1,0.99,"Blood Argonauts"
2007,2,1,2.99,"Frida Slipper"
2007,5,1,0.00,"Chamber Italian"
2007,2,1,2.99,"Frogmen Breaking"
2007,5,1,0.99,"Sweethearts Suspects"
2007,2,1,0.99,"Pirates Roxanne"
2007,5,1,0.99,"Crooked Frogmen"
2007,2,1,1.99,"Language Cowboy"
2007,2,1,3.99,"Reservoir Adaptation"
2007,2,1,4.99,"Punk Divorce"
2007,2,1,4.99,"Dangerous Uptown"
2007,2,1,4.99,"California Birds"
2007,2,1,4.99,"Dawn Pond"
2007,2,1,5.99,"Moulin Wake"
2007,5,1,2.99,"Driver Annie"
2007,2,1,4.99,"War Notting"
2007,2,1,7.99,"Clerks Angels"
2007,5,1,0.99,"Wedding Apollo"
2007,2,1,0.99,"Tomatoes Hellfighters"
2007,2,1,2.99,"Dirty Ace"
2007,2,1,0.99,"Clockwork Paradise"
2007,2,1,4.99,"Fidelity Devil"
2007,2,1,3.99,"Destination Jerk"
2007,5,1,4.99,"Devil Desire"
2007,5,1,2.99,"Seabiscuit Punk"
2007,2,1,0.99,"Valley Packer"
2007,5,1,0.99,"Bound Cheaper"
2007,2,1,4.99,"Bubble Grosse"
2007,5,1,2.99,"Star Operation"
2007,2,1,4.99,"Wild Apollo"
2007,2,1,0.99,"Superfly Trip"
2007,2,1,1.99,"Treatment Jekyll"
2007,5,1,2.99,"Dwarfs Alter"
2007,5,1,0.99,"World Leathernecks"
2007,2,1,9.99,"Scarface Bang"
2007,5,1,2.99,"Gorgeous Bingo"
2007,5,1,2.99,"Vanishing Rocky"
2007,2,1,0.99,"Towers Hurricane"
2007,2,1,4.99,"Past Suicides"
2007,5,1,0.99,"Detective Vision"
2007,2,1,7.99,"Tuxedo Mile"
2007,5,1,4.99,"Moonwalker Fool"
2007,2,1,3.99,"Uprising Uptown"
2007,5,1,5.98,"Berets Agent"
2007,5,1,4.99,"Name Detective"
2007,5,1,0.00,"Women Dorado"
2007,5,1,4.99,"Drifter Commandments"
2007,5,1,0.99,"Boulevard Mob"
2007,2,1,7.99,"Lady Stage"
2007,5,1,0.99,"Earth Vision"
2007,3,1,2.99,"Dwarfs Alter"
2007,2,1,3.99,"Nemo Campus"
2007,5,1,2.99,"Amistad Midsummer"
2007,2,1,0.99,"Ghostbusters Elf"
2007,5,1,4.99,"Dragonfly Strangers"
2007,5,1,0.00,"Vanished Garden"
2007,5,1,9.98,"Boogie Amelie"
2007,5,1,0.99,"Fight Jawbreaker"
2007,2,1,4.99,"Intolerable Intentions"
2007,2,1,4.99,"Dragonfly Strangers"
2007,5,1,0.00,"Deer Virginian"
2007,2,1,0.99,"Cruelty Unforgiven"
2007,2,1,5.99,"Idaho Love"
2007,5,1,2.99,"Shrek License"
2007,2,1,10.99,"Tycoon Gathering"
2007,2,1,5.99,"Kramer Chocolate"
2007,5,1,0.00,"Smoking Barbarella"
2007,5,1,3.98,"Insects Stone"
2007,5,1,4.99,"Day Unfaithful"
2007,2,1,0.99,"Watership Frontier"
2007,2,1,2.99,"Mulholland Beast"
2007,2,1,5.99,"Drop Waterfront"
2007,2,1,7.99,"Frontier Cabin"
2007,2,1,0.99,"Neighbors Charade"
2007,3,1,3.99,"Connection Microcosmos"
2007,2,1,4.99,"Core Suit"
2007,2,1,4.99,"Elf Murder"
2007,2,1,2.99,"Worker Tarzan"
2007,2,1,6.99,"Jeepers Wedding"
2007,2,1,2.99,"Maude Mod"
2007,4,1,4.99,"Train Bunch"
2007,5,1,3.98,"Grapes Fury"
2007,3,1,6.99,"Haunted Antitrust"
2007,2,1,7.99,"Minds Truman"
2007,2,1,6.99,"Vanilla Day"
2007,2,1,2.99,"Bugsy Song"
2007,2,1,7.99,"Smile Earring"
2007,2,1,4.99,"Fiddler Lost"
2007,2,1,2.99,"Wasteland Divine"
2007,5,1,2.99,"Suspects Quills"
2007,5,1,4.99,"Details Packer"
2007,2,1,2.99,"Adaptation Holes"
2007,2,1,0.99,"Legend Jedi"
2007,2,1,4.99,"Hawk Chill"
2007,2,1,4.99,"Heavenly Gun"
2007,5,1,4.99,"Hunchback Impossible"
2007,2,1,2.99,"Side Ark"
2007,5,1,0.00,"Curtain Videotape"
2007,2,1,1.99,"Intrigue Worst"
2007,2,1,0.99,"Jawbreaker Brooklyn"
2007,5,1,0.00,"Cyclone Family"
2007,2,1,2.99,"Earring Instinct"
2007,5,1,2.99,"Tuxedo Mile"
2007,2,1,4.99,"Confessions Maguire"
2007,2,1,2.99,"Star Operation"
2007,5,1,2.99,"Grail Frankenstein"
2007,5,1,4.99,"Opposite Necklace"
2007,2,1,2.99,"Phantom Glory"
2007,2,1,7.99,"Sense Greek"
2007,2,1,2.99,"Spinal Rocky"
2007,5,1,0.00,"State Wasteland"
2007,2,1,0.99,"Rebel Airport"
2007,5,1,4.99,"Groundhog Uncut"
2007,5,1,0.00,"Movie Shakespeare"
2007,2,1,7.99,"Goodfellas Salute"
2007,2,1,2.99,"Berets Agent"
2007,5,1,3.98,"Pirates Roxanne"
2007,5,1,0.99,"Alone Trip"
2007,2,1,3.99,"Reef Salute"
2007,2,1,0.99,"Go Purple"
2007,2,1,0.99,"Ballroom Mockingbird"
2007,5,1,4.99,"Eagles Panky"
2007,2,1,2.99,"Zhivago Core"
2007,2,1,4.99,"Elizabeth Shane"
2007,2,1,2.99,"Menagerie Rushmore"
2007,2,1,3.99,"Dolls Rage"
2007,2,1,4.99,"Control Anthem"
2007,2,1,2.99,"Racer Egg"
2007,5,1,0.99,"Outfield Massacre"
2007,2,1,2.99,"Cupboard Sinners"
2007,2,1,4.99,"North Tequila"
2007,2,1,1.99,"Notting Speakeasy"
2007,3,1,3.99,"World Leathernecks"
2007,2,1,2.99,"Rushmore Mermaid"
2007,2,1,0.99,"Young Language"
2007,5,1,4.99,"Forrester Comancheros"
2007,5,1,7.98,"Hyde Doctor"
2007,2,1,4.99,"Lambs Cincinatti"
2007,2,1,5.99,"Doubtfire Labyrinth"
2007,5,1,0.99,"Mulan Moon"
2007,5,1,4.99,"Cat Coneheads"
2007,2,1,2.99,"Stock Glass"
2007,2,1,3.99,"Cranes Reservoir"
2007,2,1,0.99,"Papi Necklace"
2007,5,1,4.99,"Silverado Goldfinger"
2007,5,1,0.99,"Juggler Hardly"
2007,2,1,4.99,"Frisco Forrest"
2007,2,1,5.99,"Carol Texas"
2007,2,1,1.99,"Sunset Racer"
2007,2,1,6.99,"Right Cranes"
2007,5,1,0.00,"Chasing Fight"
2007,5,1,0.00,"Princess Giant"
2007,2,1,2.99,"Saints Bride"
2007,2,1,4.99,"Mod Secretary"
2007,5,1,0.99,"Frost Head"
2007,2,1,4.99,"Spoilers Hellfighters"
2007,2,1,3.99,"Dares Pluto"
2007,2,1,1.99,"Finding Anaconda"
2007,5,1,3.98,"Candidate Perdition"
2007,5,1,2.99,"African Egg"
2007,2,1,6.99,"Run Pacific"
2007,5,1,7.98,"Peach Innocent"
2007,5,1,0.99,"Swarm Gold"
2007,4,1,4.99,"Bubble Grosse"
2007,2,1,3.99,"Potluck Mixed"
2007,5,1,0.00,"Blade Polish"
2007,2,1,2.99,"Exorcist Sting"
2007,2,1,0.99,"Hollywood Anonymous"
2007,2,1,2.99,"Baked Cleopatra"
2007,2,1,4.99,"Wisdom Worker"
2007,2,1,0.99,"Room Roman"
2007,5,1,0.00,"Frida Slipper"
2007,2,1,2.99,"Random Go"
2007,2,1,7.99,"Panic Club"
2007,5,1,2.99,"Monster Spartacus"
2007,2,1,0.99,"Date Speed"
2007,5,1,2.99,"Pure Runner"
2007,2,1,4.99,"Nuts Ties"
2007,2,1,0.99,"Lawrence Love"
2007,2,1,8.99,"Command Darling"
2007,5,1,0.99,"Camelot Vacation"
2007,5,1,0.00,"Minority Kiss"
2007,2,1,4.99,"Ladybugs Armageddon"
2007,2,1,10.99,"Stranger Strangers"
2007,5,1,0.99,"Intrigue Worst"
2007,2,1,9.99,"Darko Dorado"
2007,2,1,4.99,"Rocky War"
2007,2,1,3.99,"Honey Ties"
2007,5,1,0.99,"Sundance Invasion"
2007,5,1,4.99,"Harry Idaho"
2007,5,1,4.99,"American Circus"
2007,2,1,8.99,"Paths Control"
2007,2,1,2.99,"Human Graffiti"
2007,2,1,8.99,"Road Roxanne"
2007,5,1,2.99,"Blanket Beverly"
2007,5,1,0.99,"Song Hedwig"
2007,2,1,2.99,"Candidate Perdition"
2007,5,1,2.99,"Pulp Beverly"
2007,2,1,1.99,"Stallion Sundance"
2007,5,1,5.98,"Torque Bound"
2007,2,1,8.99,"Beverly Outlaw"
2007,2,1,7.99,"Sagebrush Clueless"
2007,2,1,3.99,"Pizza Jumanji"
2007,2,1,4.99,"Birds Perdition"
2007,2,1,2.99,"Shrunk Divine"
2007,2,1,5.99,"Dozen Lion"
2007,2,1,2.99,"Uptown Young"
2007,5,1,0.99,"Armageddon Lost"
2007,2,1,4.99,"Bringing Hysterical"
2007,2,1,4.99,"School Jacket"
2007,5,1,0.00,"Cleopatra Devil"
2007,2,1,2.99,"Tootsie Pilot"
2007,2,1,3.99,"Youth Kick"
2007,5,1,4.99,"Deep Crusade"
2007,5,1,2.99,"Flying Hook"
2007,2,1,2.99,"Jacket Frisco"
2007,2,1,1.99,"Spirited Casualties"
2007,2,1,4.99,"Champion Flatliners"
2007,2,1,4.99,"Ishtar Rocketeer"
2007,2,1,2.99,"License Weekend"
2007,2,1,0.99,"Gathering Calendar"
2007,5,1,4.99,"Titans Jerk"
2007,5,1,2.99,"Lord Arizona"
2007,2,1,8.99,"Hoosiers Birdcage"
2007,2,1,4.99,"Grinch Massage"
2007,5,1,0.99,"Streak Ridgemont"
2007,2,1,4.99,"Born Spinal"
2007,5,1,2.99,"Lovely Jingle"
2007,5,1,3.98,"Gleaming Jawbreaker"
2007,2,1,0.99,"Savannah Town"
2007,2,1,6.99,"Caribbean Liberty"
2007,2,1,6.99,"Clue Grail"
2007,5,1,0.00,"Holes Brannigan"
2007,2,1,4.99,"Thin Sagebrush"
2007,2,1,4.99,"Chisum Behavior"
2007,2,1,4.99,"Usual Untouchables"
2007,2,1,5.99,"Campus Remember"
2007,2,1,0.99,"Sassy Packer"
2007,5,1,2.99,"Enough Raging"
2007,2,1,0.99,"Beneath Rush"
2007,2,1,6.99,"Bowfinger Gables"
2007,5,1,2.99,"Jason Trap"
2007,5,1,7.98,"Trojan Tomorrow"
2007,2,1,2.99,"Rollercoaster Bringing"
2007,5,1,4.99,"Ace Goldfinger"
2007,2,1,2.99,"Party Knock"
2007,5,1,0.99,"Loathing Legally"
2007,5,1,2.99,"Basic Easy"
2007,5,1,5.98,"Falcon Volume"
2007,2,1,0.99,"Harold French"
2007,5,1,4.99,"Frisco Forrest"
2007,2,1,2.99,"Money Harold"
2007,2,1,4.99,"Brannigan Sunrise"
2007,2,1,7.99,"Liberty Magnificent"
2007,5,1,0.99,"Mockingbird Hollywood"
2007,2,1,5.99,"Musketeers Wait"
2007,2,1,2.99,"Lust Lock"
2007,2,1,7.99,"Moonwalker Fool"
2007,2,1,6.99,"Raging Airplane"
2007,2,1,2.99,"Cowboy Doom"
2007,2,1,6.99,"Turn Star"
2007,2,1,10.99,"Mine Titans"
2007,2,1,1.99,"Sorority Queen"
2007,5,1,0.99,"Kick Savannah"
2007,2,1,0.99,"Victory Academy"
2007,5,1,2.99,"South Wait"
2007,5,1,4.99,"Queen Luke"
2007,5,1,0.99,"Connection Microcosmos"
2007,2,1,3.99,"Vision Torque"
2007,2,1,3.99,"Killer Innocent"
2007,2,1,5.99,"Flash Wars"
2007,2,1,2.99,"Jaws Harry"
2007,2,1,4.99,"Jekyll Frogmen"
2007,5,1,0.99,"Wild Apollo"
2007,5,1,4.99,"Shawshank Bubble"
2007,5,1,0.00,"Motions Details"
2007,5,1,2.99,"Bang Kwai"
2007,2,1,6.99,"Cincinatti Whisperer"
2007,2,1,7.99,"Crusade Honey"
2007,5,1,0.99,"Smoochy Control"
2007,5,1,2.99,"Operation Operation"
2007,5,1,4.99,"Scarface Bang"
2007,5,1,0.99,"Bull Shawshank"
2007,5,1,4.99,"Igby Maker"
2007,2,1,5.99,"Eve Resurrection"
2007,2,1,0.99,"Bride Intrigue"
2007,2,1,2.99,"Homicide Peach"
2007,2,1,4.99,"Nash Chocolat"
2007,2,1,10.99,"Behavior Runaway"
2007,2,1,7.99,"Gosford Donnie"
2007,5,1,4.99,"Bubble Grosse"
2007,4,1,4.99,"Heavenly Gun"
2007,2,1,5.99,"Feathers Metal"
2007,2,1,4.99,"Early Home"
2007,5,1,0.99,"Virginian Pluto"
2007,2,1,1.99,"Lesson Cleopatra"
2007,2,1,2.99,"Theory Mermaid"
2007,2,1,7.99,"Twisted Pirates"
2007,2,1,5.99,"Forever Candidate"
2007,5,1,4.99,"Sleeping Suspects"
2007,5,1,3.98,"Theory Mermaid"
2007,2,1,2.99,"Breaking Home"
2007,2,1,2.99,"Lucky Flying"
2007,2,1,2.99,"Pure Runner"
2007,5,1,4.99,"Conversation Downhill"
2007,2,1,3.99,"Microcosmos Paradise"
2007,5,1,0.99,"Mosquito Armageddon"
2007,2,1,2.99,"Crazy Home"
2007,2,1,4.99,"Bird Independence"
2007,2,1,4.99,"Grosse Wonderful"
2007,5,1,4.99,"Center Dinosaur"
2007,2,1,0.99,"Maker Gables"
2007,2,1,2.99,"Wars Pluto"
2007,2,1,2.99,"Luke Mummy"
2007,2,1,5.99,"Iron Moon"
2007,2,1,6.99,"Guys Falcon"
2007,2,1,0.99,"Soup Wisdom"
2007,2,1,4.99,"Records Zorro"
2007,2,1,5.99,"Midsummer Groundhog"
2007,2,1,0.99,"Newsies Story"
2007,5,1,2.99,"Happiness United"
2007,2,1,3.99,"Graduate Lord"
2007,5,1,0.99,"Volcano Texas"
2007,2,1,2.99,"Wagon Jaws"
2007,2,1,4.99,"Darkness War"
2007,5,1,2.99,"Window Side"
2007,5,1,0.00,"River Outlaw"
2007,2,1,7.99,"Calendar Gunfight"
2007,5,1,5.98,"Sweden Shining"
2007,2,1,2.99,"Zoolander Fiction"
2007,2,1,1.99,"Tenenbaums Command"
2007,2,1,4.99,"National Story"
2007,5,1,0.00,"Philadelphia Wife"
2007,2,1,4.99,"Stepmom Dream"
2007,2,1,0.99,"Roots Remember"
2007,5,1,0.00,"Sleepy Japanese"
2007,5,1,4.99,"Cincinatti Whisperer"
2007,2,1,0.99,"Vanished Garden"
2007,2,1,1.99,"Birdcage Casper"
2007,5,1,0.99,"Amadeus Holy"
2007,2,1,5.99,"Crossroads Casualties"
2007,5,1,0.99,"Disciple Mother"
2007,2,1,4.99,"Maguire Apache"
2007,2,1,6.99,"Ties Hunger"
2007,2,1,7.99,"Silverado Goldfinger"
2007,5,1,4.99,"Ali Forever"
2007,2,1,4.99,"Thief Pelican"
2007,2,1,6.99,"Lolita World"
2007,5,1,0.99,"Midnight Westward"
2007,2,1,6.99,"Jet Neighbors"
2007,2,1,0.99,"Evolution Alter"
2007,2,1,2.99,"Won Dares"
2007,2,1,6.99,"Sensibility Rear"
2007,2,1,4.99,"Meet Chocolate"
2007,5,1,2.99,"Mulholland Beast"
2007,2,1,0.99,"Mother Oleander"
2007,5,1,0.00,"Trouble Date"
2007,2,1,4.99,"Slacker Liaisons"
2007,2,1,0.99,"Smoochy Control"
2007,2,1,0.99,"Women Dorado"
2007,5,1,0.99,"Gables Metropolis"
2007,2,1,6.99,"Snatchers Montezuma"
2007,5,1,2.99,"Affair Prejudice"
2007,2,1,9.99,"Hall Cassidy"
2007,5,1,0.99,"Zhivago Core"
2007,5,1,2.99,"Divine Resurrection"
2007,5,1,3.98,"Pollock Deliverance"
2007,5,1,0.99,"None Spiking"
2007,2,1,4.99,"Sling Luke"
2007,2,1,0.99,"Magic Mallrats"
2007,5,1,2.99,"Chitty Lock"
2007,5,1,5.98,"Pianist Outfield"
2007,2,1,8.99,"Casualties Encino"
2007,5,1,0.99,"Effect Gladiator"
2007,2,1,0.99,"Comancheros Enemy"
2007,2,1,3.99,"Bang Kwai"
2007,2,1,2.99,"Manchurian Curtain"
2007,2,1,6.99,"Jerk Paycheck"
2007,5,1,4.99,"Trading Pinocchio"
2007,2,1,2.99,"Extraordinary Conquerer"
2007,2,1,4.99,"Groundhog Uncut"
2007,2,1,4.99,"Godfather Diary"
2007,3,1,4.99,"Mixed Doors"
2007,5,1,5.98,"Seattle Expecations"
2007,2,1,0.99,"Dynamite Tarzan"
2007,2,1,5.99,"Baby Hall"
2007,3,1,0.99,"Wild Apollo"
2007,2,1,6.99,"Redemption Comforts"
2007,2,1,3.99,"Summer Scarface"
2007,2,1,5.99,"Monsoon Cause"
2007,2,1,2.99,"Unfaithful Kill"
2007,2,1,7.99,"Sting Personal"
2007,5,1,0.99,"Summer Scarface"
2007,5,1,0.00,"Lawless Vision"
2007,5,1,0.99,"Mummy Creatures"
2007,2,1,5.99,"Pollock Deliverance"
2007,2,1,4.99,"Paris Weekend"
2007,2,1,2.99,"Luck Opus"
2007,5,1,0.99,"Hunger Roof"
2007,5,1,4.99,"Ghost Groundhog"
2007,2,1,0.99,"Indian Love"
2007,2,1,0.99,"Runaway Tenenbaums"
